ID,Name,Age,Salary,Department,Gender,JoinDate,Country,Rating,Experience,Feedback
1,Linda Smith,28.0,63886.9,Sales,Male,22/03/2024,UK,4.0,12.6,Satisfied
2,Sarah Jones,31.0,66040.56,Finance,Male,02/07/2016,UK,5.0,7.7,Unsatisfied
3,Sarah Martinez,28.0,44421.32,Finance,Female,07/09/2019,France,2.0,15.6,Neutral
4,Sarah Williams,32.0,40259.33,Marketing,Female,06/12/2015,France,2.0,8.8,Unsatisfied
5,Elizabeth Martinez,29.0,42762.7,HR,Male,13/12/2023,Canada,3.0,12.9,Satisfied
6,David Miller,27.0,$48647.57,Engineering,Male,21/01/2016,USA,4.0,10.1,Satisfied
7,John Johnson,46.0,48161.27,Finance,Male,2018-10-03,USA,4.0,7.0,Satisfied
8,Patricia Garcia,35.0,65532.84,Marketing,Male,30/05/2020,UK,5.0,2.4,Satisfied
9,Charles Johnson,45.0,59070.55,Marketing,Female,22/12/2022,Canada,3.0,3.4,Neutral
10,Michael Brown,56.0,44910.1,Finance,Female,2018-09-30,USA,2.0,16.6,Unsatisfied
11,Susan Brown,42.0,39887.69,Marketing,Male,24/03/2018,Germany,3.0,14.5,Unsatisfied
12,Robert Garcia,58.0,30762.77,Sales,Female,09/06/2016,France,1.0,9.4,Unsatisfied
13,Thomas Garcia,18.0,57013.16,HR,Male,20/11/2018,France,2.0,,Satisfied
14,William Miller,34.0,57845.66,HR,Female,10/12/2016,UK,3.0,2.6,Neutral
15,Robert Jones,18.0,58798.28,Sales,Female,2018-05-27,USA,3.0,6.5,Neutral
16,Karen Garcia,21.0,64382.01,HR,Female,2018-02-02,Germany,2.0,11.4,Neutral
17,Richard Davis,51.0,68982.96,Marketing,Male,2023-09-01,Canada,,10.1,Neutral
18,John Brown,20.0,57845.61,HR,Female,01/05/2022,Canada,3.0,19.2,Neutral
19,Richard Brown,54.0,52755.16,Sales,Female,31/12/2016,UK,5.0,8.9,Neutral
20,Mary Johnson,64.0,48806.53,Sales,Female,2024-01-06,Germany,4.0,7.4,Satisfied
21,Elizabeth Johnson,57.0,45260.91,HR,Male,24/03/2020,UK,4.0,8.1,Unsatisfied
22,Karen Garcia,55.0,35448.98,Marketing,Male,2022-02-26,USA,1.0,17.3,Unsatisfied
23,Jessica Miller,42.0,53743.29,hr,Female,2015-11-25,USA,2.0,12.3,Unsatisfied
24,Richard Miller,60.0,41909.95,Engineering,Male,08/05/2024,Canada,1.0,3.8,Unsatisfied
25,Patricia Johnson,53.0,$37165.21,Marketing,Male,25/07/2019,UK,3.0,9.4,Satisfied
26,Sarah Brown,,41423.92,Engineering,Female,2024-08-11,Germany,1.0,7.8,Satisfied
27,Karen Garcia,36.0,60410.54,Sales,Female,2020-09-13,USA,3.0,14.7,Unsatisfied
28,Elizabeth Johnson,29.0,51036.03,Finance,Female,03/01/2022,Germany,2.0,6.7,Satisfied
29,Thomas Brown,64.0,42141.29,Engineering,Female,2019-06-11,USA,2.0,11.4,Satisfied
30,Jessica Davis,61.0,52499.48,Engineering,Male,12/04/2023,USA,3.0,12.2,Satisfied
31,Michael Smith,62.0,54066.98,Marketing,Male,2021-12-11,UK,3.0,11.5,Neutral
32,David Martinez,60.0,44846.6,Engineering,Male,2018-01-04,Germany,1.0,7.1,Neutral
33,David Rodriguez,23.0,68238.19,Finance,Male,2018-02-19,UK,2.0,8.7,Neutral
34,Elizabeth Martinez,51.0,47834.73,HR,Male,2017-05-23,Germany,2.0,11.0,Neutral
35,Linda Davis,40.0,45031.59,HR,Male,10/11/2023,USA,4.0,5.1,Satisfied
36,Joseph Brown,23.0,$79256.32,Engineering,Female,22/12/2020,France,1.0,8.8,Unsatisfied
37,Patricia Garcia,64.0,41407.72,Sales,Male,2019-05-31,Canada,2.0,,Neutral
38,David Brown,29.0,56318.72,Sales,Male,2019-02-17,USA,2.0,7.2,Unsatisfied
39,Sarah Williams,22.0,24480.24,Marketing,Female,03/04/2021,USA,1.0,15.4,Unsatisfied
40,Barbara Johnson,45.0,72739.46,Marketing,Female,2023-01-25,France,,3.8,Unsatisfied
41,Elizabeth Johnson,18.0,53659.88,Sales,Male,08/03/2023,Canada,2.0,1.0,Satisfied
42,Mary Davis,63.0,49382.56,Engineering,Female,06/12/2024,Canada,3.0,3.5,Neutral
43,John Brown,53.0,54464.14,Engineering,Female,19/03/2017,Canada,2.0,6.1,Neutral
44,Barbara Martinez,37.0,55274.87,Marketing,Female,2021-11-17,France,4.0,12.2,Neutral
45,Karen Rodriguez,50.0,47465.27,Sales,Male,11/04/2024,France,2.0,7.4,Neutral
46,Susan Smith,39.0,41236.21,Engineering,Female,22/03/2020,Canada,5.0,4.5,Unsatisfied
47,Mary Davis,55.0,61337.94,Engineering,Female,11/08/2022,Canada,4.0,10.5,Unsatisfied
48,Jennifer Brown,57.0,59612.19,Marketing,Male,2018-05-23,Canada,3.0,9.6,Neutral
49,Thomas Rodriguez,53.0,47130.76,Engineering,Male,2023-05-30,France,3.0,10.2,Unsatisfied
50,Sarah Johnson,62.0,38969.56,Finance,Female,14/03/2022,UK,2.0,8.9,Unsatisfied
51,Linda Davis,52.0,57632.91,Engineering,Female,2021-01-23,France,,-0.1,Satisfied
52,John Miller,34.0,52322.72,Engineering,Male,26/09/2016,Canada,2.0,12.8,Satisfied
53,Patricia Smith,22.0,38564.83,Sales,Male,2017-02-27,Germany,,9.4,Satisfied
54,William Davis,21.0,35563.19,Marketing,Female,2023-03-09,France,4.0,5.0,Satisfied
55,Patricia Smith,47.0,53064.46,Marketing,Female,04/10/2021,France,3.0,12.6,Neutral
56,Joseph Williams,48.0,49603.7,HR,Female,2024-03-15,UK,4.0,15.8,Unsatisfied
57,Patricia Williams,30.0,53648.02,HR,Female,2017-07-18,Germany,1.0,10.2,Neutral
58,Susan Martinez,21.0,51857.58,HR,Female,2019-12-07,Canada,1.0,12.0,Unsatisfied
59,Mary Garcia,45.0,34339.22,Marketing,Female,02/01/2018,USA,2.0,19.6,Unsatisfied
60,Thomas Johnson,,37945.21,Marketing,Female,2019-04-16,USA,4.0,6.8,Unsatisfied
61,Charles Jones,45.0,40447.92,Marketing,Female,17/11/2021,Canada,2.0,6.5,Satisfied
62,James Brown,47.0,62514.78,Sales,Female,2021-07-13,Germany,4.0,15.2,Neutral
63,Elizabeth Brown,60.0,61702.28,Engineering,Male,01/06/2023,UK,4.0,3.3,Unsatisfied
64,Patricia Rodriguez,37.0,52555.69,Marketing,Male,2018-03-22,USA,5.0,,Neutral
65,Robert Miller,20.0,52300.43,Finance,Female,28/11/2021,USA,3.0,9.3,Neutral
66,Elizabeth Martinez,40.0,71535.8,Engineering,Male,01/05/2017,Germany,3.0,11.2,Neutral
67,William Smith,34.0,39656.48,HR,Male,2017-03-18,Canada,4.0,17.3,Satisfied
68,Jennifer Martinez,58.0,49337.69,Sales,Male,2020-08-10,Canada,3.0,20.6,Neutral
69,Susan Jones,36.0,$43547.09,HR,Female,2018-03-23,Canada,4.0,11.1,Neutral
70,James Jones,31.0,62604.23,Finance,Male,2021-06-28,USA,5.0,7.1,Unsatisfied
71,Thomas Garcia,49.0,34475.76,hr,Male,25/03/2024,Germany,3.0,21.0,Neutral
72,Patricia Martinez,63.0,37784.81,Engineering,Female,2016-11-03,Germany,4.0,18.3,Unsatisfied
73,Karen Williams,60.0,35317.74,Engineering,Male,2016-02-18,USA,,14.0,Unsatisfied
74,Jennifer Jones,35.0,62483.43,Marketing,Male,06/09/2021,Germany,3.0,4.9,Neutral
75,John Garcia,64.0,45487.29,Marketing,Female,2015-07-25,UK,,10.7,Neutral
76,Susan Davis,22.0,54891.8,HR,Male,19/09/2016,UK,2.0,13.3,Satisfied
77,Charles Rodriguez,26.0,53797.26,Marketing,Female,04/02/2023,Germany,3.0,12.9,Satisfied
78,Charles Williams,19.0,51022.5,Marketing,Female,2022-07-07,Germany,3.0,13.8,Unsatisfied
79,Linda Williams,34.0,55531.51,Finance,Male,06/12/2016,USA,1.0,11.6,Unsatisfied
80,Barbara Brown,59.0,41665.67,Engineering,Female,2019-05-28,UK,3.0,2.3,Unsatisfied
81,Robert Garcia,27.0,38693.61,HR,Female,21/01/2023,UK,3.0,-0.1,Satisfied
82,Barbara Garcia,58.0,48011.83,Finance,Male,2019-10-26,USA,4.0,3.4,Neutral
83,Robert Williams,38.0,52472.38,HR,Female,30/11/2019,Canada,5.0,9.5,Neutral
84,Michael Jones,60.0,48207.75,Marketing,Male,12/01/2016,France,3.0,-4.0,Neutral
85,Barbara Rodriguez,44.0,46166.99,Sales,Male,2015-07-02,Germany,3.0,11.1,Neutral
86,Richard Rodriguez,57.0,65673.85,HR,Female,21/06/2015,USA,4.0,8.7,Neutral
87,Robert Martinez,63.0,46750.71,Sales,Female,2016-05-16,Canada,4.0,7.1,Unsatisfied
88,Michael Martinez,22.0,47707.58,Finance,Female,2016-07-07,UK,4.0,19.4,Satisfied
89,Robert Jones,39.0,$52254.0,Finance,Male,2021-07-26,UK,1.0,17.2,Unsatisfied
90,James Garcia,49.0,45827.31,Finance,M,2017-10-28,USA,3.0,15.7,Unsatisfied
91,Sarah Miller,26.0,39728.01,Sales,Female,26/04/2016,France,3.0,10.2,Unsatisfied
92,Patricia Jones,34.0,36188.71,HR,Female,2019-11-02,France,2.0,5.9,Unsatisfied
93,Mary Williams,46.0,48732.62,Sales,Male,2019-03-14,USA,4.0,12.7,Unsatisfied
94,Jessica Davis,28.0,54822.35,Sales,Female,2024-03-13,France,3.0,12.1,Unsatisfied
95,Charles Jones,60.0,71541.69,Sales,Male,2024-03-23,UK,4.0,18.9,Unsatisfied
96,John Johnson,56.0,63669.54,HR,Female,2019-09-28,Canada,2.0,5.8,Unsatisfied
97,David Smith,21.0,42326.9,Engineering,Male,2018-10-05,Germany,4.0,0.1,Satisfied
98,Robert Smith,59.0,49018.09,HR,Female,2021-04-29,UK,2.0,12.4,unsatisfied
99,Elizabeth Johnson,60.0,52884.77,Sales,M,18/10/2022,USA,2.0,14.4,Neutral
100,Jessica Davis,52.0,36714.14,Engineering,Female,16/11/2019,Canada,4.0,7.1,Satisfied
101,Sarah Garcia,27.0,37472.74,Engineering,Male,29/01/2020,USA,1.0,15.1,Unsatisfied
102,Michael Miller,57.0,46422.31,hr,Male,2021-02-02,UK,2.0,14.8,Satisfied
103,Mary Johnson,27.0,52575.79,Marketing,Male,2019-06-09,UK,4.0,14.1,Satisfied
104,James Garcia,37.0,47961.65,Marketing,Male,03/03/2021,Canada,1.0,-1.1,Satisfied
105,Joseph Garcia,21.0,49286.7,HR,Female,03/03/2018,Germany,3.0,-0.4,Neutral
106,Elizabeth Garcia,21.0,33766.94,HR,Male,2022-02-23,USA,3.0,13.2,Unsatisfied
107,Robert Jones,36.0,42852.23,Engineering,Female,2020-02-26,USA,,13.9,Unsatisfied
108,James Davis,57.0,59582.84,Marketing,Male,2015-12-06,USA,1.0,7.1,Neutral
109,Joseph Davis,46.0,56147.38,ENGINEERING,Male,2017-02-24,France,3.0,11.2,Neutral
110,William Johnson,44.0,48503.28,HR,Male,2019-07-02,None,1.0,19.0,Neutral
111,Linda Garcia,33.0,40432.03,Sales,Male,14/03/2018,Germany,3.0,14.9,Neutral
112,Sarah Garcia,45.0,57959.89,HR,Female,2017-03-22,USA,3.0,5.0,Unsatisfied
113,John Rodriguez,40.0,51360.21,Sales,Female,05/02/2023,Germany,3.0,15.9,Neutral
114,Sarah Garcia,22.0,56957.95,Engineering,Female,2019-08-07,UK,5.0,3.3,Neutral
115,John Rodriguez,24.0,77058.65,Finance,Female,09/08/2019,Germany,4.0,8.0,Neutral
116,Richard Miller,21.0,44311.58,HR,Female,12/08/2022,USA,,20.2,Satisfied
117,William Williams,50.0,40810.36,Finance,Female,26/11/2018,France,3.0,-1.6,Neutral
118,Karen Miller,59.0,43372.49,marketing,Female,14/08/2018,USA,4.0,13.5,Satisfied
119,Susan Brown,39.0,66194.75,Engineering,Female,26/01/2020,Germany,5.0,7.3,Neutral
120,William Smith,64.0,69580.06,HR,Female,15/09/2019,Germany,2.0,7.3,Unsatisfied
121,Elizabeth Williams,60.0,57331.25,Engineering,Female,27/03/2024,USA,3.0,13.4,Unsatisfied
122,Susan Jones,54.0,38848.16,Marketing,Female,21/08/2018,UK,2.0,1.5,Neutral
123,Mary Rodriguez,22.0,37014.37,Finance,Female,2016-04-15,Canada,4.0,8.0,Satisfied
124,James Jones,51.0,50637.96,sales,Female,2015-04-30,Germany,3.0,6.3,Satisfied
125,Charles Miller,,49867.81,Marketing,Male,2016-04-20,Germany,5.0,20.6,Neutral
126,Richard Johnson,27.0,46205.6,finance,Male,19/07/2024,Canada,3.0,10.1,Satisfied
127,James Garcia,23.0,46915.27,Engineering,Male,09/04/2023,Canada,2.0,13.7,Satisfied
128,Patricia Smith,35.0,51319.99,Finance,Male,2023-10-23,Canada,2.0,16.6,Satisfied
129,Richard Brown,44.0,50094.93,Marketing,Male,11/06/2023,USA,4.0,10.3,Neutral
130,Susan Johnson,49.0,34881.15,Marketing,Female,23/08/2020,UK,3.0,4.9,Neutral
131,Barbara Miller,27.0,61943.56,Marketing,Male,2021-07-01,Germany,4.0,15.7,Neutral
132,Michael Garcia,55.0,66786.69,Engineering,Male,06/06/2018,UK,1.0,10.1,Neutral
133,Patricia Williams,37.0,43748.68,Marketing,Female,2019-07-12,None,4.0,6.6,Satisfied
134,James Smith,46.0,51594.67,Marketing,Male,2016-10-15,France,3.0,15.9,Unsatisfied
135,Karen Smith,64.0,34820.49,Engineering,Male,07/12/2024,Germany,2.0,12.3,Satisfied
136,Richard Rodriguez,60.0,49284.84,Engineering,Female,2019-10-13,USA,2.0,11.3,Unsatisfied
137,Patricia Jones,58.0,25237.22,Sales,Male,20/02/2025,UK,3.0,15.0,Satisfied
138,Jessica Johnson,37.0,69007.56,HR,Female,20/04/2015,Germany,1.0,19.8,Unsatisfied
139,Mary Martinez,62.0,64694.6,Finance,Male,2017-04-18,UK,2.0,11.4,Satisfied
140,James Miller,63.0,42921.42,HR,Male,23/05/2015,USA,1.0,10.2,Unsatisfied
141,Robert Williams,64.0,46960.88,Engineering,Male,2021-11-04,UK,1.0,8.5,Satisfied
142,Patricia Williams,18.0,64494.27,Sales,Female,01/05/2019,Germany,2.0,9.4,Satisfied
143,Susan Johnson,56.0,64550.31,Engineering,Male,10/04/2022,France,2.0,21.0,Neutral
144,Karen Smith,19.0,53436.97,HR,Female,12/05/2016,Germany,2.0,13.4,Neutral
145,Thomas Smith,18.0,38448.49,Engineering,Male,2019-09-14,USA,4.0,13.1,Unsatisfied
146,John Garcia,46.0,45864.7,Engineering,F,2019-03-16,France,4.0,13.7,Neutral
147,William Martinez,23.0,33363.62,Engineering,Male,30/06/2022,USA,4.0,16.6,Neutral
148,John Martinez,46.0,45522.53,HR,F,2020-05-22,France,3.0,9.4,Satisfied
149,Joseph Rodriguez,63.0,48555.8,Marketing,Female,2019-09-28,UK,3.0,17.6,Satisfied
150,Thomas Williams,34.0,48263.29,HR,Female,2018-07-01,Canada,1.0,3.6,Unsatisfied
151,Jessica Garcia,56.0,62000.62,Marketing,Male,2020-09-06,UK,3.0,15.0,Satisfied
152,William Miller,45.0,41211.27,HR,Female,31/07/2019,USA,3.0,15.7,Satisfied
153,Robert Williams,24.0,50456.41,HR,Male,2016-05-01,None,3.0,10.9,Satisfied
154,Sarah Garcia,40.0,39426.01,Engineering,Female,11/12/2018,UK,,3.0,Satisfied
155,Elizabeth Rodriguez,31.0,41103.92,Sales,Female,2022-07-15,USA,4.0,8.9,Neutral
156,Barbara Garcia,47.0,61859.43,Marketing,Female,2020-03-28,UK,2.0,3.2,Unsatisfied
157,William Davis,25.0,64919.08,Finance,Male,12/08/2023,Canada,1.0,14.0,Satisfied
158,Jennifer Davis,54.0,64564.23,FINANCE,F,2016-10-21,USA,3.0,8.6,Unsatisfied
159,Susan Martinez,57.0,65641.08,Finance,Male,2018-10-04,USA,4.0,1.4,Unsatisfied
160,Charles Jones,30.0,62551.93,Engineering,Male,2021-09-19,Canada,4.0,8.0,unsatisfied
161,Sarah Davis,20.0,48613.46,Sales,Female,03/03/2024,Germany,4.0,15.2,Neutral
162,Sarah Jones,33.0,47604.56,Finance,Female,18/07/2015,USA,3.0,11.6,Unsatisfied
163,William Davis,57.0,57517.05,Sales,Female,23/04/2019,UK,2.0,16.5,Neutral
164,William Brown,28.0,47930.96,HR,Female,2018-09-25,France,3.0,5.7,Unsatisfied
165,Robert Johnson,34.0,40151.76,Engineering,Female,23/02/2021,USA,3.0,14.3,Neutral
166,Susan Jones,25.0,40822.53,HR,Female,2015-12-22,USA,3.0,9.1,Neutral
167,Jennifer Smith,36.0,35108.8,Engineering,Male,17/11/2016,UK,2.0,15.3,Satisfied
168,Patricia Jones,22.0,57978.62,Marketing,Male,25/04/2017,Canada,4.0,8.3,Satisfied
169,Karen Miller,35.0,44298.42,Finance,Male,17/02/2020,France,2.0,13.2,Neutral
170,Karen Davis,41.0,50037.96,Finance,Female,06/03/2021,Canada,5.0,10.6,Neutral
171,Mary Williams,23.0,65832.04,Engineering,Female,2016-04-16,USA,3.0,10.9,Satisfied
172,Susan Miller,34.0,31046.34,Engineering,Female,20/04/2018,France,1.0,10.7,Unsatisfied
173,Robert Jones,32.0,43369.93,Engineering,Female,2023-09-05,Germany,3.0,-2.0,Unsatisfied
174,Richard Miller,39.0,49299.22,sales,Male,2021-07-16,UK,3.0,11.6,Unsatisfied
175,Richard Rodriguez,42.0,54964.24,Marketing,Male,2017-04-17,Canada,2.0,8.5,Unsatisfied
176,Barbara Martinez,40.0,50803.09,Marketing,Female,2018-11-27,Germany,4.0,8.9,Neutral
177,Charles Martinez,50.0,70582.69,Engineering,Male,2021-02-17,France,5.0,4.2,Neutral
178,Karen Miller,19.0,72332.51,HR,Male,11/01/2021,Germany,2.0,10.2,Unsatisfied
179,Linda Williams,65.0,41681.57,Marketing,Male,2022-12-15,Germany,4.0,9.8,Satisfied
180,Charles Miller,61.0,51581.4,Sales,Male,01/12/2015,USA,1.0,9.8,Satisfied
181,William Miller,42.0,51839.33,Sales,Male,16/12/2020,None,2.0,3.9,Unsatisfied
182,Susan Johnson,56.0,51891.57,Sales,Male,2020-02-13,USA,3.0,12.9,Unsatisfied
183,Jennifer Rodriguez,32.0,38986.58,Engineering,Male,2018-05-30,USA,3.0,0.2,neutral
184,David Miller,33.0,58590.37,HR,Female,2022-08-05,USA,4.0,1.0,Unsatisfied
185,Patricia Davis,50.0,41749.33,Finance,Female,2021-06-12,USA,1.0,6.2,Unsatisfied
186,Linda Davis,58.0,38977.42,Marketing,Male,12/05/2015,USA,1.0,9.8,Unsatisfied
187,Robert Smith,38.0,57601.79,Sales,Male,03/02/2024,Canada,2.0,6.2,Unsatisfied
188,Elizabeth Brown,45.0,55256.23,Engineering,Female,24/03/2020,Germany,2.0,18.3,Neutral
189,Joseph Smith,29.0,40371.31,HR,Male,14/09/2015,Germany,4.0,5.9,Neutral
190,Michael Davis,19.0,46639.11,Sales,Male,14/12/2015,Canada,,9.2,Satisfied
191,Karen Miller,26.0,48810.7,HR,Male,22/05/2015,Germany,2.0,8.5,Satisfied
192,John Smith,42.0,$45470.16,Engineering,Female,2022-07-09,France,4.0,8.8,Neutral
193,Patricia Martinez,21.0,45553.65,HR,Female,30/08/2016,Canada,4.0,5.3,Neutral
194,Thomas Johnson,53.0,41181.26,Engineering,Male,30/12/2017,Canada,4.0,-2.1,Unsatisfied
195,Joseph Williams,63.0,49262.47,HR,Male,2019-07-21,UK,4.0,13.0,Unsatisfied
196,William Miller,58.0,27094.89,HR,Male,2023-06-19,Germany,4.0,8.4,Unsatisfied
197,Robert Miller,41.0,26960.63,HR,Male,2022-08-07,USA,4.0,0.3,Satisfied
198,David Jones,19.0,62846.51,HR,Female,21/09/2016,Canada,3.0,10.4,Unsatisfied
199,Thomas Williams,64.0,48768.12,Marketing,Female,2023-07-10,UK,5.0,7.7,Neutral
200,Karen Smith,19.0,49590.42,Sales,Male,2024-08-04,UK,1.0,9.6,Unsatisfied
201,James Miller,39.0,39863.11,Sales,Female,2024-06-14,USA,2.0,9.6,Neutral
202,Thomas Johnson,21.0,57681.07,Marketing,Female,01/06/2019,France,5.0,10.7,Neutral
203,Elizabeth Garcia,65.0,34189.17,Sales,Female,2024-10-24,France,4.0,11.4,Satisfied
204,James Davis,41.0,53436.22,Finance,Male,01/08/2022,Canada,3.0,16.6,Neutral
205,James Rodriguez,60.0,53701.45,Finance,Male,26/11/2022,USA,2.0,13.9,Neutral
206,Sarah Brown,28.0,38959.85,ENGINEERING,Male,2015-06-23,France,4.0,0.3,Satisfied
207,Karen Garcia,,54503.7,Finance,Female,24/04/2020,UK,5.0,15.2,Satisfied
208,Robert Miller,28.0,43078.04,Finance,Male,2016-06-05,Canada,3.0,9.0,Neutral
209,Michael Martinez,28.0,60797.23,Finance,Female,2022-02-14,UK,5.0,3.9,Unsatisfied
210,James Jones,35.0,41942.05,Sales,Female,29/05/2023,Canada,5.0,18.6,Satisfied
211,Joseph Jones,29.0,$46054.94,Marketing,Female,02/06/2018,USA,3.0,14.3,Satisfied
212,Mary Johnson,42.0,40351.54,Finance,Female,2018-05-30,Germany,5.0,9.0,Unsatisfied
213,Richard Johnson,28.0,$55855.66,Finance,Male,25/01/2023,USA,5.0,10.0,Unsatisfied
214,Jessica Miller,21.0,47364.23,Marketing,Female,31/07/2019,UK,2.0,11.6,Satisfied
215,Linda Rodriguez,39.0,26932.75,Marketing,Male,2020-09-18,Canada,3.0,10.8,Satisfied
216,Susan Brown,56.0,56633.79,Engineering,Male,2020-04-12,France,4.0,13.2,Neutral
217,Susan Miller,28.0,$37273.97,HR,Male,2021-03-11,France,4.0,7.4,Neutral
218,Elizabeth Martinez,27.0,55935.18,HR,Male,31/10/2021,Germany,4.0,13.3,Neutral
219,Patricia Johnson,61.0,63492.58,Sales,Female,2023-05-05,UK,2.0,10.1,Neutral
220,Karen Brown,50.0,55595.25,finance,Female,19/09/2016,USA,4.0,16.8,Unsatisfied
221,Linda Rodriguez,35.0,61743.28,Engineering,Male,2020-07-08,Germany,1.0,9.4,Satisfied
222,Joseph Garcia,47.0,52028.39,Finance,Male,16/06/2021,Canada,1.0,8.8,Unsatisfied
223,Elizabeth Martinez,27.0,51721.03,HR,Male,2017-11-22,None,4.0,6.5,Unsatisfied
224,John Jones,41.0,43299.94,Engineering,Female,2019-06-26,USA,3.0,6.3,Neutral
225,Mary Brown,50.0,45561.16,HR,Female,20/04/2018,UK,3.0,4.8,Neutral
226,David Garcia,38.0,34626.34,Marketing,Female,25/12/2019,Canada,4.0,4.0,Unsatisfied
227,Jennifer Johnson,30.0,46778.68,Sales,Male,21/10/2015,USA,2.0,14.7,Neutral
228,John Garcia,59.0,51156.34,Engineering,Male,21/12/2021,USA,2.0,8.3,Satisfied
229,Patricia Jones,28.0,54067.95,HR,Male,2022-10-27,Canada,1.0,14.4,Neutral
230,Jessica Rodriguez,24.0,59805.09,Marketing,Male,06/10/2023,Canada,3.0,11.8,Neutral
231,Mary Brown,52.0,58158.23,Marketing,Female,2019-01-03,France,2.0,15.3,Unsatisfied
232,Barbara Martinez,51.0,23875.05,Finance,Female,2021-05-24,USA,1.0,10.3,Neutral
233,Jennifer Williams,18.0,48887.59,HR,Male,23/07/2022,France,2.0,12.1,Unsatisfied
234,Barbara Johnson,51.0,61888.93,Marketing,Female,2016-06-02,Germany,,9.9,Satisfied
235,Mary Jones,29.0,53855.93,Engineering,Male,12/02/2018,Germany,1.0,6.0,Satisfied
236,Robert Johnson,21.0,49677.04,Engineering,Female,2023-05-13,USA,4.0,4.4,Neutral
237,Richard Johnson,48.0,41177.36,Finance,Female,12/06/2024,France,2.0,4.6,Satisfied
238,Richard Jones,24.0,50855.86,HR,Female,29/02/2024,Canada,2.0,8.4,Satisfied
239,Karen Miller,46.0,60038.55,Finance,Male,07/12/2024,Canada,3.0,9.0,Satisfied
240,Robert Johnson,57.0,53495.25,HR,Female,10/05/2021,France,5.0,5.0,Satisfied
241,Linda Jones,59.0,48217.93,Engineering,Female,2023-05-31,France,1.0,4.8,Unsatisfied
242,William Miller,65.0,47424.87,Engineering,Female,2023-06-11,UK,1.0,11.6,Unsatisfied
243,Susan Garcia,47.0,47777.23,Sales,Female,2017-05-26,Germany,1.0,10.7,Satisfied
244,James Johnson,19.0,53937.08,Marketing,Female,17/04/2015,UK,1.0,17.5,Satisfied
245,Charles Williams,48.0,63734.36,HR,Female,21/07/2015,Germany,,13.1,Neutral
246,James Garcia,65.0,58087.6,Sales,Male,2017-08-01,USA,,11.8,Neutral
247,Robert Jones,61.0,49925.4,Engineering,Female,10/12/2022,USA,2.0,8.0,Satisfied
248,James Rodriguez,44.0,24456.88,Engineering,M,05/06/2016,USA,4.0,3.6,Neutral
249,Thomas Rodriguez,28.0,47038.44,Finance,Female,23/11/2017,USA,5.0,14.8,Neutral
250,Susan Garcia,57.0,55586.48,HR,Male,25/02/2023,France,4.0,7.6,Satisfied
251,Michael Garcia,44.0,57922.56,Marketing,Male,2022-04-29,UK,4.0,-2.0,Satisfied
252,Susan Davis,30.0,49901.25,HR,Female,06/04/2025,France,3.0,4.2,Unsatisfied
253,Thomas Williams,36.0,41232.39,Engineering,Male,2017-04-28,France,2.0,10.2,Neutral
254,Joseph Johnson,24.0,65793.5,Finance,Female,08/08/2016,None,3.0,8.4,Satisfied
255,Charles Davis,45.0,59100.45,HR,Female,29/05/2020,USA,3.0,18.5,Neutral
256,John Brown,36.0,43765.19,Finance,Male,2020-04-11,UK,2.0,5.5,Neutral
257,Thomas Garcia,19.0,38345.45,Marketing,Male,2025-03-21,USA,2.0,12.8,neutral
258,Robert Garcia,45.0,61473.79,Finance,F,23/06/2023,USA,2.0,18.1,Neutral
259,Susan Williams,64.0,37202.55,HR,Male,2022-07-17,UK,3.0,14.0,Unsatisfied
260,Patricia Smith,22.0,53609.37,Finance,Male,2018-03-12,USA,3.0,11.6,Satisfied
261,Susan Rodriguez,62.0,51281.69,Marketing,Female,14/11/2022,France,2.0,15.3,Neutral
262,Barbara Garcia,26.0,57965.0,Marketing,Male,2017-03-29,Germany,3.0,11.2,Unsatisfied
263,Elizabeth Miller,25.0,66612.12,Marketing,Female,13/11/2017,Canada,3.0,13.2,Neutral
264,Linda Garcia,39.0,52329.65,Engineering,Female,15/06/2024,UK,4.0,9.0,Neutral
265,Richard Rodriguez,33.0,40045.72,Finance,Female,15/01/2018,UK,2.0,6.2,Unsatisfied
266,Robert Johnson,40.0,43818.18,HR,Female,16/08/2015,USA,5.0,9.8,Neutral
267,Linda Martinez,59.0,76509.33,Sales,Male,21/12/2024,UK,4.0,15.5,Neutral
268,Michael Garcia,30.0,67974.59,Sales,Female,17/08/2018,Germany,5.0,4.7,Unsatisfied
269,Elizabeth Smith,,53440.47,Engineering,Female,11/10/2018,Germany,3.0,2.0,Unsatisfied
270,Susan Johnson,37.0,53805.04,Marketing,Male,2019-10-27,Canada,3.0,5.0,Neutral
271,Michael Miller,57.0,49036.34,Marketing,Male,30/08/2019,Germany,2.0,9.4,Unsatisfied
272,William Davis,19.0,50578.01,Engineering,Male,2015-08-14,Canada,4.0,6.4,Satisfied
273,David Jones,23.0,49462.1,Marketing,M,13/07/2018,France,3.0,4.4,Unsatisfied
274,James Miller,23.0,46203.1,Engineering,Female,16/02/2020,UK,3.0,4.1,Satisfied
275,Michael Johnson,42.0,63204.24,Marketing,Male,24/07/2018,USA,4.0,13.7,Unsatisfied
276,Jessica Williams,41.0,34464.24,HR,Female,25/05/2022,UK,4.0,16.3,Satisfied
277,Elizabeth Jones,46.0,57977.72,Marketing,Male,2024-06-19,France,2.0,15.8,Unsatisfied
278,Susan Martinez,50.0,58756.56,Finance,Female,27/12/2017,USA,5.0,5.5,Neutral
279,John Miller,62.0,41106.53,Marketing,Male,2021-03-03,UK,4.0,11.0,Unsatisfied
280,Jessica Johnson,43.0,53065.48,Finance,Male,10/01/2021,France,5.0,2.0,Satisfied
281,Richard Williams,48.0,71774.74,HR,Male,08/08/2021,France,5.0,5.9,Unsatisfied
282,James Garcia,,44564.36,Marketing,Female,2019-05-14,France,4.0,8.4,neutral
283,Jessica Garcia,,32462.31,Marketing,Female,12/04/2022,Canada,5.0,1.0,Neutral
284,Karen Martinez,64.0,46488.12,Finance,Female,08/10/2016,None,4.0,10.6,Neutral
285,Linda Brown,59.0,67087.76,HR,Female,2023-05-17,France,3.0,6.8,Satisfied
286,Robert Garcia,24.0,63526.69,Sales,Female,2023-11-23,UK,1.0,10.7,Neutral
287,William Garcia,22.0,42770.91,Sales,Male,2021-11-18,USA,4.0,12.7,Unsatisfied
288,William Jones,42.0,58189.83,Sales,Male,04/04/2020,Germany,5.0,14.4,Satisfied
289,Joseph Garcia,47.0,32685.08,Sales,Female,2022-01-26,Germany,2.0,8.7,Neutral
290,James Garcia,51.0,43810.75,Engineering,Female,2016-01-16,Germany,3.0,14.4,Unsatisfied
291,Linda Smith,43.0,42104.89,Engineering,Female,2021-08-19,France,,9.7,Neutral
292,Barbara Brown,57.0,60964.21,Finance,Female,2024-12-06,France,2.0,21.7,Unsatisfied
293,John Brown,39.0,51577.57,Sales,Male,06/07/2022,France,5.0,14.9,Unsatisfied
294,Susan Williams,23.0,$60394.21,HR,Female,10/01/2022,USA,3.0,1.7,Neutral
295,Mary Miller,34.0,38925.22,Engineering,Male,04/01/2022,Canada,1.0,12.2,Unsatisfied
296,Robert Smith,63.0,34643.19,HR,Male,28/02/2025,Germany,1.0,6.1,Neutral
297,James Johnson,46.0,58845.12,Finance,Female,2024-02-28,Germany,5.0,9.7,Satisfied
298,Michael Johnson,38.0,44949.77,Marketing,Female,26/03/2020,UK,4.0,10.2,Satisfied
299,John Williams,62.0,51413.82,Sales,Male,2023-06-11,USA,,4.8,Satisfied
300,Linda Miller,58.0,55614.68,Sales,Female,16/09/2020,UK,2.0,6.4,Unsatisfied
301,Linda Davis,25.0,48785.98,Sales,Female,2016-12-18,Germany,,21.4,Neutral
302,Robert Jones,46.0,60138.16,Finance,Female,23/08/2015,USA,1.0,3.2,Satisfied
303,William Miller,40.0,44652.53,Finance,Male,2016-02-08,Canada,4.0,20.1,Unsatisfied
304,Charles Garcia,54.0,51029.93,Sales,Male,2016-12-13,Canada,4.0,8.2,Unsatisfied
305,Richard Williams,23.0,64047.89,Sales,Female,14/12/2023,France,3.0,22.3,Satisfied
306,David Jones,19.0,46406.24,Finance,Male,2017-08-13,USA,2.0,10.8,Unsatisfied
307,Mary Davis,50.0,60315.81,Marketing,Male,2020-08-11,None,1.0,5.7,Unsatisfied
308,David Johnson,43.0,39360.54,Sales,Female,2024-09-10,Canada,1.0,12.4,Neutral
309,Linda Miller,,63067.75,Engineering,Male,2017-05-03,Germany,5.0,18.9,Unsatisfied
310,Joseph Davis,62.0,66322.2,Marketing,Male,15/09/2024,UK,3.0,5.3,Unsatisfied
311,Karen Davis,27.0,62056.85,Sales,Female,2020-09-22,Canada,2.0,-0.8,Neutral
312,Jennifer Miller,35.0,60799.86,Sales,Male,12/12/2020,Canada,5.0,10.1,Neutral
313,Linda Williams,21.0,49220.4,Finance,Male,24/08/2020,USA,5.0,6.8,Unsatisfied
314,Robert Williams,24.0,49131.22,Sales,Female,2022-10-29,Canada,1.0,9.0,Neutral
315,William Martinez,19.0,51599.72,Engineering,Male,16/09/2018,France,2.0,9.4,Neutral
316,Mary Martinez,62.0,62392.3,Marketing,Male,2021-09-14,USA,3.0,17.5,Neutral
317,Barbara Miller,,52591.35,Finance,Female,05/11/2022,USA,2.0,4.2,Neutral
318,David Johnson,53.0,57979.31,Marketing,Male,2022-01-30,France,5.0,11.0,Satisfied
319,Linda Johnson,32.0,44460.55,HR,Female,2017-10-02,USA,,14.4,Satisfied
320,Thomas Davis,51.0,49442.78,Sales,Female,24/12/2019,Canada,2.0,12.3,Satisfied
321,Sarah Williams,20.0,42252.1,FINANCE,Male,2023-02-01,UK,3.0,7.7,Neutral
322,Thomas Martinez,29.0,54387.23,Sales,Male,13/03/2021,Germany,3.0,10.7,Satisfied
323,William Martinez,24.0,56960.2,Marketing,Male,2025-04-09,UK,3.0,11.4,Neutral
324,Richard Davis,52.0,58079.78,Sales,Male,28/11/2023,Germany,4.0,14.8,Satisfied
325,Elizabeth Jones,53.0,43356.68,Finance,Male,2023-04-12,Germany,3.0,20.8,Neutral
326,Jennifer Johnson,48.0,48805.07,HR,Male,20/07/2019,Germany,3.0,9.9,Unsatisfied
327,Richard Brown,35.0,29624.52,Engineering,Female,15/06/2015,UK,4.0,9.6,Neutral
328,Charles Miller,43.0,47125.73,Sales,Male,2024-03-19,Canada,4.0,11.5,Neutral
329,Richard Garcia,30.0,43564.87,Engineering,Male,2022-03-31,USA,,16.8,Unsatisfied
330,Elizabeth Brown,22.0,64562.29,Finance,Male,18/05/2015,France,3.0,14.4,Satisfied
331,Joseph Miller,36.0,26421.43,Sales,Male,2023-06-08,Germany,3.0,5.1,Neutral
332,David Brown,31.0,47164.46,HR,Male,28/09/2023,France,1.0,7.9,Neutral
333,Robert Brown,29.0,52233.38,Finance,Female,2023-02-02,France,4.0,3.2,Unsatisfied
334,Susan Garcia,49.0,63945.27,Marketing,Female,28/11/2021,Germany,2.0,11.1,Neutral
335,Jennifer Miller,64.0,60315.49,HR,Female,06/07/2020,Germany,5.0,15.4,Satisfied
336,Robert Brown,55.0,50826.64,Finance,Female,2022-07-25,Germany,3.0,19.0,Neutral
337,Charles Jones,21.0,41830.25,Marketing,F,15/09/2020,UK,2.0,9.7,neutral
338,Thomas Jones,36.0,48122.81,Finance,Female,2018-11-11,France,2.0,6.9,Satisfied
339,Karen Brown,43.0,34854.09,Marketing,Female,05/08/2019,France,3.0,9.8,Neutral
340,James Davis,39.0,53071.23,Sales,Male,2016-05-29,Canada,4.0,5.8,Satisfied
341,Robert Garcia,23.0,52850.84,Finance,Male,16/04/2016,France,3.0,19.6,Neutral
342,Jessica Davis,36.0,84405.94,HR,Male,02/11/2016,UK,2.0,11.3,Unsatisfied
343,David Rodriguez,34.0,52969.53,Engineering,Male,02/02/2021,UK,2.0,10.6,Satisfied
344,Linda Davis,52.0,43601.97,Marketing,Male,2017-08-11,Germany,3.0,4.6,Neutral
345,Elizabeth Miller,42.0,46693.12,Engineering,Female,2020-01-02,Germany,4.0,10.8,Neutral
346,Jennifer Smith,,40610.0,Sales,Male,2024-04-28,France,2.0,6.3,Neutral
347,Michael Martinez,57.0,48832.42,Marketing,Male,2023-04-04,France,2.0,13.3,Satisfied
348,Richard Johnson,24.0,56413.3,Finance,Male,02/05/2020,USA,2.0,19.6,Satisfied
349,Linda Miller,65.0,50075.09,Sales,Female,2017-11-24,UK,1.0,10.9,Satisfied
350,Charles Smith,52.0,61513.14,Engineering,Male,2023-07-02,USA,1.0,15.9,Neutral
351,Charles Martinez,56.0,55022.21,Finance,Male,2021-09-03,UK,1.0,5.0,Satisfied
352,Joseph Davis,58.0,39957.03,Sales,Male,21/05/2023,UK,2.0,9.3,Unsatisfied
353,William Miller,,50339.96,Engineering,Male,2017-05-06,USA,1.0,13.8,Unsatisfied
354,Linda Williams,,56416.35,Engineering,Male,2020-04-02,Canada,4.0,6.0,Satisfied
355,John Johnson,20.0,48010.61,Sales,Male,2019-03-17,Germany,3.0,13.9,Unsatisfied
356,William Smith,51.0,59859.65,Finance,Female,2023-11-24,France,2.0,11.2,Neutral
357,Elizabeth Johnson,61.0,54004.74,Finance,Female,18/06/2020,USA,1.0,13.4,Unsatisfied
358,Thomas Garcia,36.0,55932.85,Sales,Female,28/09/2021,Germany,2.0,8.7,Satisfied
359,David Williams,30.0,52537.27,Marketing,Male,13/12/2023,Germany,4.0,6.6,unsatisfied
360,Mary Rodriguez,35.0,29657.22,Engineering,Female,2023-05-01,USA,4.0,6.9,Neutral
361,Thomas Miller,61.0,50747.78,Sales,Female,15/10/2018,USA,2.0,9.4,Unsatisfied
362,David Garcia,28.0,41721.75,Engineering,Male,2017-02-21,USA,2.0,5.8,Neutral
363,Jessica Jones,23.0,45697.36,Sales,Female,17/10/2018,Germany,1.0,8.5,Unsatisfied
364,Robert Garcia,55.0,39840.99,Engineering,Male,2024-09-11,Canada,4.0,13.4,Unsatisfied
365,John Johnson,47.0,57121.04,Sales,Male,22/12/2019,Germany,2.0,8.9,Unsatisfied
366,Thomas Miller,43.0,66429.74,HR,Female,2023-05-13,Germany,3.0,13.1,Neutral
367,Patricia Jones,65.0,50007.35,HR,Male,13/12/2015,UK,3.0,7.3,Satisfied
368,James Jones,21.0,50690.64,HR,Female,16/09/2021,Canada,4.0,14.2,Unsatisfied
369,Thomas Davis,38.0,55565.37,Finance,Female,28/11/2017,Germany,3.0,12.7,Neutral
370,Barbara Brown,52.0,59933.63,Marketing,Male,2018-06-17,UK,2.0,15.6,Neutral
371,Barbara Martinez,18.0,37899.43,Sales,Female,11/12/2021,USA,3.0,5.4,Neutral
372,Karen Martinez,19.0,66700.32,Marketing,Female,2017-07-05,UK,4.0,0.1,Unsatisfied
373,David Smith,35.0,55644.65,Finance,Female,2021-12-30,Canada,3.0,13.9,Satisfied
374,James Brown,64.0,36635.27,Sales,Male,27/12/2024,France,4.0,10.4,Unsatisfied
375,Richard Smith,55.0,58980.87,Finance,Female,2017-07-13,UK,1.0,12.1,Neutral
376,Linda Johnson,20.0,41498.24,HR,Male,2021-09-26,Canada,5.0,11.1,Satisfied
377,Robert Johnson,22.0,49012.4,Marketing,Female,2020-06-17,UK,1.0,13.6,Unsatisfied
378,Thomas Davis,34.0,58680.82,Marketing,Female,09/02/2016,Canada,5.0,7.5,Neutral
379,Robert Johnson,43.0,54097.27,Sales,Female,2018-12-07,Germany,5.0,14.9,Satisfied
380,Thomas Garcia,62.0,50518.25,Engineering,Male,11/12/2016,USA,5.0,3.6,Neutral
381,David Rodriguez,51.0,19646.36,HR,Male,2024-01-17,France,3.0,11.8,Unsatisfied
382,Michael Garcia,62.0,56577.57,Engineering,Male,19/03/2019,USA,2.0,22.0,Neutral
383,Mary Brown,36.0,56519.14,Finance,Female,08/01/2023,USA,3.0,10.7,Neutral
384,David Brown,59.0,55119.75,Sales,Female,21/04/2020,UK,,4.6,Neutral
385,Susan Rodriguez,22.0,43913.19,Finance,Female,26/11/2023,USA,3.0,19.4,Neutral
386,Charles Johnson,40.0,36535.25,HR,Male,09/11/2019,USA,1.0,14.8,Neutral
387,Jennifer Williams,50.0,48741.72,HR,Male,2017-05-19,France,1.0,14.1,unsatisfied
388,Patricia Rodriguez,36.0,38763.22,Finance,Female,2025-01-06,UK,3.0,9.5,Neutral
389,Jessica Miller,28.0,34856.04,Marketing,Male,30/03/2021,UK,3.0,14.1,Satisfied
390,Richard Martinez,27.0,49283.53,Finance,Female,2019-12-24,USA,5.0,7.6,Unsatisfied
391,Sarah Jones,64.0,46945.92,Marketing,Male,2023-07-28,UK,2.0,2.3,Satisfied
392,Joseph Brown,59.0,43524.41,Sales,Male,2018-02-08,Germany,2.0,8.8,Satisfied
393,Thomas Johnson,65.0,58876.95,HR,Male,08/02/2023,UK,4.0,12.4,Neutral
394,Jessica Rodriguez,31.0,49583.68,Finance,Male,04/07/2024,Germany,3.0,6.4,Unsatisfied
395,Barbara Jones,29.0,$54423.25,Marketing,Male,22/07/2024,Canada,3.0,12.2,Unsatisfied
396,Jennifer Smith,64.0,65843.06,Marketing,Female,2017-05-14,USA,1.0,,Satisfied
397,Linda Brown,54.0,49945.59,Marketing,Female,26/02/2017,France,3.0,7.8,Satisfied
398,David Garcia,33.0,$66832.7,Engineering,Female,2016-11-10,Germany,1.0,0.3,Satisfied
399,Joseph Miller,58.0,50640.13,Sales,Female,2015-10-05,Canada,5.0,29.6,Satisfied
400,James Martinez,36.0,48413.14,Finance,Male,23/01/2017,France,4.0,14.9,Satisfied
401,Linda Miller,51.0,40802.9,HR,Female,2017-06-05,Canada,3.0,18.0,Neutral
402,Richard Martinez,49.0,43099.66,HR,Female,2023-07-15,France,2.0,16.8,Satisfied
403,Joseph Brown,52.0,55186.22,Engineering,Female,11/08/2021,Canada,3.0,14.0,Unsatisfied
404,David Smith,59.0,45423.57,Marketing,Male,2019-08-02,Canada,3.0,3.7,Unsatisfied
405,Mary Miller,45.0,43472.19,Marketing,Male,2022-12-12,USA,2.0,15.2,Unsatisfied
406,David Garcia,62.0,36623.91,Finance,Female,21/06/2016,France,5.0,7.4,Satisfied
407,Barbara Williams,44.0,70973.76,Marketing,Female,23/11/2024,Germany,,9.5,Neutral
408,Linda Williams,24.0,50338.87,HR,Male,2023-06-28,France,2.0,3.2,Satisfied
409,Michael Johnson,29.0,41513.01,Finance,Male,03/06/2019,Germany,1.0,6.4,Unsatisfied
410,Mary Johnson,57.0,68521.28,Finance,Female,17/04/2020,UK,,,Satisfied
411,Susan Miller,45.0,47675.74,Marketing,Male,2021-07-22,UK,1.0,14.7,Neutral
412,John Miller,59.0,42950.08,Sales,Male,2023-12-12,Canada,3.0,15.1,Neutral
413,Mary Brown,56.0,33751.03,Engineering,Male,2020-03-21,France,2.0,26.3,Unsatisfied
414,Jennifer Davis,56.0,66660.74,Sales,Female,24/12/2023,Germany,3.0,5.9,Neutral
415,Karen Williams,58.0,50605.64,Finance,Male,2019-07-23,USA,5.0,9.6,Satisfied
416,Linda Smith,23.0,62898.91,HR,Female,2015-12-27,Germany,,5.3,Satisfied
417,Linda Martinez,25.0,56741.97,Engineering,Male,2019-05-11,UK,4.0,12.1,Neutral
418,Barbara Williams,,36295.25,Finance,Female,2023-04-13,Canada,1.0,2.4,Satisfied
419,Robert Garcia,56.0,63418.06,Finance,Male,26/06/2021,UK,3.0,8.7,Satisfied
420,Robert Jones,60.0,46400.3,Sales,Male,2019-04-03,UK,4.0,11.6,Satisfied
421,Joseph Rodriguez,40.0,40094.26,Finance,Female,01/05/2017,France,4.0,14.0,Satisfied
422,Mary Martinez,50.0,41998.14,HR,Male,27/01/2018,Germany,3.0,7.1,Unsatisfied
423,Richard Miller,64.0,59331.76,Sales,Male,14/08/2019,UK,3.0,11.0,Unsatisfied
424,William Brown,19.0,62462.35,Engineering,Male,2020-12-14,UK,2.0,11.3,Neutral
425,Barbara Smith,42.0,55444.93,Finance,Female,10/12/2018,UK,1.0,10.1,Satisfied
426,Charles Brown,41.0,47796.42,HR,Female,30/07/2022,Canada,2.0,20.7,Satisfied
427,John Miller,47.0,59896.88,HR,Male,22/08/2016,UK,2.0,1.8,Unsatisfied
428,Robert Brown,19.0,45138.56,Sales,Female,08/10/2021,None,4.0,12.7,Satisfied
429,John Brown,47.0,47081.8,Engineering,Male,2024-01-26,France,4.0,1.5,Neutral
430,Joseph Davis,,61953.85,Finance,Female,2018-06-05,France,2.0,5.5,Satisfied
431,Charles Johnson,52.0,46465.5,Engineering,Male,13/11/2015,USA,2.0,14.0,Unsatisfied
432,William Davis,18.0,48178.86,HR,Male,25/07/2015,Germany,1.0,13.3,Unsatisfied
433,Thomas Williams,42.0,52951.39,Engineering,Male,30/10/2017,France,4.0,8.7,Satisfied
434,Joseph Miller,18.0,59733.38,Engineering,Male,2017-11-11,UK,1.0,16.5,Unsatisfied
435,Jessica Miller,48.0,$63430.78,Marketing,Female,22/09/2017,UK,4.0,6.5,Neutral
436,Sarah Miller,39.0,54581.83,Engineering,Female,2016-07-01,USA,3.0,9.6,Satisfied
437,Patricia Martinez,64.0,45657.43,Sales,Female,24/06/2022,Canada,2.0,13.5,Neutral
438,Linda Davis,50.0,66104.2,Marketing,Male,2016-05-16,Germany,5.0,26.1,Satisfied
439,Mary Smith,48.0,39844.56,Engineering,Male,17/10/2015,UK,5.0,10.3,Unsatisfied
440,Michael Rodriguez,18.0,34801.02,HR,Male,05/11/2020,France,1.0,10.6,Satisfied
441,Richard Davis,33.0,51496.36,Sales,Female,20/11/2021,USA,4.0,-0.0,Satisfied
442,Sarah Jones,25.0,55586.67,Engineering,Male,23/04/2017,Germany,2.0,8.4,Neutral
443,William Williams,42.0,40935.06,HR,Female,24/02/2018,USA,1.0,3.6,Unsatisfied
444,Thomas Martinez,28.0,47639.46,Finance,Female,2024-11-28,France,4.0,2.9,Satisfied
445,Jennifer Williams,,39752.2,Marketing,Female,2025-03-05,UK,3.0,15.6,Satisfied
446,David Williams,22.0,42705.47,HR,Female,15/07/2019,Germany,5.0,11.7,Neutral
447,David Rodriguez,58.0,60046.94,Engineering,Female,2021-11-17,UK,3.0,14.4,Neutral
448,William Williams,,41207.55,HR,Female,2022-09-27,France,2.0,10.6,Satisfied
449,Linda Smith,40.0,46481.28,Engineering,Male,18/06/2018,Canada,4.0,11.4,Neutral
450,Linda Davis,64.0,80658.93,Sales,Male,2017-12-29,Canada,2.0,7.9,Neutral
451,Michael Rodriguez,38.0,47508.52,Engineering,Female,20/10/2018,USA,3.0,16.8,Satisfied
452,John Johnson,29.0,55228.95,Sales,Male,2017-08-20,USA,3.0,5.0,Unsatisfied
453,Jessica Johnson,,54078.59,Finance,Male,31/12/2021,USA,2.0,7.7,Neutral
454,Mary Brown,28.0,68489.87,Sales,Male,2018-10-12,Germany,2.0,5.7,Neutral
455,Robert Williams,62.0,62995.88,Engineering,Male,2020-05-17,Germany,4.0,7.4,Unsatisfied
456,Charles Martinez,18.0,50670.79,Sales,Male,2016-03-22,USA,2.0,6.0,Satisfied
457,Mary Rodriguez,61.0,37400.93,Marketing,Female,2024-08-18,France,4.0,7.4,Neutral
458,David Davis,26.0,48090.6,Engineering,Male,04/09/2016,Canada,3.0,15.2,Satisfied
459,Robert Rodriguez,48.0,52061.66,Engineering,Male,26/11/2019,USA,,13.3,Unsatisfied
460,Joseph Jones,37.0,59918.19,Finance,Male,2020-10-13,Canada,2.0,3.0,Neutral
461,Thomas Davis,43.0,43529.72,Marketing,M,2016-11-15,France,3.0,-0.7,satisfied
462,Susan Davis,54.0,55742.6,HR,Female,2018-11-21,None,2.0,13.2,Neutral
463,David Martinez,32.0,57844.83,Sales,Female,13/07/2022,Canada,3.0,1.7,Satisfied
464,Jessica Johnson,29.0,56043.21,Marketing,Male,2019-03-20,UK,3.0,6.0,Satisfied
465,Jessica Jones,26.0,47074.14,Finance,Male,22/02/2021,France,2.0,7.4,Unsatisfied
466,Joseph Davis,45.0,47029.82,Finance,Male,2021-04-09,Germany,3.0,15.0,Satisfied
467,Patricia Martinez,38.0,47159.79,HR,Female,07/06/2023,USA,1.0,15.5,Satisfied
468,Joseph Jones,20.0,68639.39,HR,Male,27/04/2021,Germany,3.0,10.3,Satisfied
469,William Johnson,32.0,39940.73,SALES,Male,09/10/2021,USA,3.0,5.3,Neutral
470,Jennifer Brown,60.0,63803.16,Sales,Male,26/03/2016,France,4.0,2.3,Unsatisfied
471,Charles Miller,28.0,54409.48,Marketing,Female,16/09/2023,Canada,3.0,19.2,unsatisfied
472,Charles Miller,29.0,48840.96,HR,Female,14/11/2021,Germany,1.0,9.7,Unsatisfied
473,David Brown,18.0,60527.41,Marketing,Male,2024-10-23,USA,2.0,16.9,Neutral
474,Susan Brown,48.0,59521.83,Engineering,Male,2024-09-12,Germany,4.0,12.6,Neutral
475,Sarah Miller,54.0,63052.36,Marketing,Male,11/02/2017,Canada,,10.5,Satisfied
476,Patricia Garcia,21.0,44373.3,Finance,Male,16/05/2015,UK,2.0,21.7,Unsatisfied
477,William Martinez,26.0,46065.0,Marketing,Female,2021-03-31,USA,3.0,16.6,Unsatisfied
478,Robert Smith,50.0,$36264.72,Finance,Female,01/10/2022,USA,2.0,9.8,Neutral
479,Charles Rodriguez,49.0,41900.28,hr,Female,2016-10-21,France,3.0,15.3,Neutral
480,Mary Johnson,60.0,53063.8,Finance,Male,12/09/2023,UK,2.0,8.6,Satisfied
481,James Brown,41.0,69841.53,Sales,Female,13/04/2022,France,3.0,15.2,Unsatisfied
482,Thomas Garcia,,56242.58,Engineering,Male,2023-05-12,UK,4.0,9.0,Neutral
483,Karen Rodriguez,39.0,48525.44,Engineering,Male,23/10/2017,USA,2.0,6.9,Unsatisfied
484,Susan Davis,52.0,48858.9,Sales,Female,2020-05-09,Germany,5.0,19.9,Satisfied
485,William Garcia,24.0,50561.11,Marketing,Male,2025-02-28,USA,4.0,2.9,Satisfied
486,Joseph Rodriguez,22.0,43682.25,Finance,Female,2020-12-31,France,3.0,8.4,Satisfied
487,Robert Smith,58.0,$52392.07,Sales,Male,11/01/2023,France,3.0,-1.1,Satisfied
488,Joseph Davis,48.0,32544.73,Marketing,Male,02/07/2022,UK,,11.9,Unsatisfied
489,Charles Davis,31.0,70346.45,Engineering,Male,2017-09-21,USA,2.0,15.6,Neutral
490,Barbara Brown,56.0,68527.81,Sales,Female,01/12/2022,Canada,4.0,9.7,Satisfied
491,Elizabeth Jones,54.0,52079.24,Engineering,Male,06/08/2021,France,1.0,17.3,Unsatisfied
492,John Miller,24.0,42740.53,HR,Female,2021-07-05,USA,5.0,8.1,Unsatisfied
493,Sarah Martinez,,36444.24,Marketing,Male,2023-11-07,UK,1.0,3.3,Unsatisfied
494,Sarah Johnson,59.0,50958.27,Finance,Female,2020-07-31,France,3.0,17.5,Satisfied
495,Jessica Jones,24.0,54158.39,Finance,Male,21/03/2018,Canada,4.0,7.6,Satisfied
496,Joseph Smith,,44352.38,Sales,Male,2015-10-29,UK,2.0,18.5,Unsatisfied
497,William Martinez,26.0,47682.63,Finance,Female,2017-11-05,UK,,17.2,Unsatisfied
498,David Martinez,26.0,44979.25,Engineering,Male,07/09/2024,USA,1.0,11.4,Neutral
499,Sarah Martinez,32.0,52911.18,Marketing,Male,2020-10-23,USA,,9.7,Neutral
500,James Miller,28.0,53582.51,Sales,Female,10/08/2018,France,4.0,12.5,Unsatisfied
362,David Garcia,28.0,41721.75,Engineering,Male,2017-02-21,USA,2.0,5.8,Neutral
74,Jennifer Jones,35.0,62483.43,Marketing,Male,06/09/2021,Germany,3.0,4.9,Neutral
375,Richard Smith,55.0,58980.87,Finance,Female,2017-07-13,UK,1.0,12.1,Neutral
156,Barbara Garcia,47.0,61859.43,Marketing,Female,2020-03-28,UK,2.0,3.2,Unsatisfied
105,Joseph Garcia,21.0,49286.7,HR,Female,03/03/2018,Germany,3.0,-0.4,Neutral
395,Barbara Jones,29.0,$54423.25,Marketing,Male,22/07/2024,Canada,3.0,12.2,Unsatisfied
378,Thomas Davis,34.0,58680.82,Marketing,Female,09/02/2016,Canada,5.0,7.5,Neutral
125,Charles Miller,,49867.81,Marketing,Male,2016-04-20,Germany,5.0,20.6,Neutral
69,Susan Jones,36.0,$43547.09,HR,Female,2018-03-23,Canada,4.0,11.1,Neutral
451,Michael Rodriguez,38.0,47508.52,Engineering,Female,20/10/2018,USA,3.0,16.8,Satisfied
10,Michael Brown,56.0,44910.1,Finance,Female,2018-09-30,USA,2.0,16.6,Unsatisfied
195,Joseph Williams,63.0,49262.47,HR,Male,2019-07-21,UK,4.0,13.0,Unsatisfied
407,Barbara Williams,44.0,70973.76,Marketing,Female,23/11/2024,Germany,,9.5,Neutral
85,Barbara Rodriguez,44.0,46166.99,Sales,Male,2015-07-02,Germany,3.0,11.1,Neutral
372,Karen Martinez,19.0,66700.32,Marketing,Female,2017-07-05,UK,4.0,0.1,Unsatisfied
389,Jessica Miller,28.0,34856.04,Marketing,Male,30/03/2021,UK,3.0,14.1,Satisfied
496,Joseph Smith,,44352.38,Sales,Male,2015-10-29,UK,2.0,18.5,Unsatisfied
31,Michael Smith,62.0,54066.98,Marketing,Male,2021-12-11,UK,3.0,11.5,Neutral
317,Barbara Miller,,52591.35,Finance,Female,05/11/2022,USA,2.0,4.2,Neutral
409,Michael Johnson,29.0,41513.01,Finance,Male,03/06/2019,Germany,1.0,6.4,Unsatisfied
491,Elizabeth Jones,54.0,52079.24,Engineering,Male,06/08/2021,France,1.0,17.3,Unsatisfied
492,John Miller,24.0,42740.53,HR,Female,2021-07-05,USA,5.0,8.1,Unsatisfied
281,Richard Williams,48.0,71774.74,HR,Male,08/08/2021,France,5.0,5.9,Unsatisfied
357,Elizabeth Johnson,61.0,54004.74,Finance,Female,18/06/2020,USA,1.0,13.4,Unsatisfied
77,Charles Rodriguez,26.0,53797.26,Marketing,Female,04/02/2023,Germany,3.0,12.9,Satisfied
462,Susan Davis,54.0,55742.6,HR,Female,2018-11-21,None,2.0,13.2,Neutral
498,David Martinez,26.0,44979.25,Engineering,Male,07/09/2024,USA,1.0,11.4,Neutral
212,Mary Johnson,42.0,40351.54,Finance,Female,2018-05-30,Germany,5.0,9.0,Unsatisfied
102,Michael Miller,57.0,46422.31,hr,Male,2021-02-02,UK,2.0,14.8,Satisfied
335,Jennifer Miller,64.0,60315.49,HR,Female,06/07/2020,Germany,5.0,15.4,Satisfied
476,Patricia Garcia,21.0,44373.3,Finance,Male,16/05/2015,UK,2.0,21.7,Unsatisfied
337,Charles Jones,21.0,41830.25,Marketing,F,15/09/2020,UK,2.0,9.7,neutral
441,Richard Davis,33.0,51496.36,Sales,Female,20/11/2021,USA,4.0,-0.0,Satisfied
174,Richard Miller,39.0,49299.22,sales,Male,2021-07-16,UK,3.0,11.6,Unsatisfied
3,Sarah Martinez,28.0,44421.32,Finance,Female,07/09/2019,France,2.0,15.6,Neutral
334,Susan Garcia,49.0,63945.27,Marketing,Female,28/11/2021,Germany,2.0,11.1,Neutral
410,Mary Johnson,57.0,68521.28,Finance,Female,17/04/2020,UK,,,Satisfied
71,Thomas Garcia,49.0,34475.76,hr,Male,25/03/2024,Germany,3.0,21.0,Neutral
210,James Jones,35.0,41942.05,Sales,Female,29/05/2023,Canada,5.0,18.6,Satisfied
64,Patricia Rodriguez,37.0,52555.69,Marketing,Male,2018-03-22,USA,5.0,,Neutral
385,Susan Rodriguez,22.0,43913.19,Finance,Female,26/11/2023,USA,3.0,19.4,Neutral
94,Jessica Davis,28.0,54822.35,Sales,Female,2024-03-13,France,3.0,12.1,Unsatisfied
486,Joseph Rodriguez,22.0,43682.25,Finance,Female,2020-12-31,France,3.0,8.4,Satisfied
186,Linda Davis,58.0,38977.42,Marketing,Male,12/05/2015,USA,1.0,9.8,Unsatisfied
34,Elizabeth Martinez,51.0,47834.73,HR,Male,2017-05-23,Germany,2.0,11.0,Neutral
78,Charles Williams,19.0,51022.5,Marketing,Female,2022-07-07,Germany,3.0,13.8,Unsatisfied
1,Linda Smith,28.0,63886.9,Sales,Male,22/03/2024,UK,4.0,12.6,Satisfied
12,Robert Garcia,58.0,30762.77,Sales,Female,09/06/2016,France,1.0,9.4,Unsatisfied
416,Linda Smith,23.0,62898.91,HR,Female,2015-12-27,Germany,,5.3,Satisfied
23,Jessica Miller,42.0,53743.29,hr,Female,2015-11-25,USA,2.0,12.3,Unsatisfied
