EnrollmentID,EnrollmentDate,UserID,CourseFee,PaymentType,CourseSubject
E00001,2025-02-08,U0119,143.58,Paypal,Design
E00002,2025-03-26,U0034,26.62,PayPal,Business
E00003,2025-01-14,U0101,90.67,Paypal,Programming
E00004,2025-01-18,U0102,44.34,PayPal,Design
E00005,2025-02-03,U0081,179.67,PayPal,Languages
E00006,2025-01-15,U0076,97.7,Bank Transfer,Business
E00007,2025-01-14,U0085,114.84,PayPal,Design
E00008,2025-03-12,U0103,140.63,Paypal,Programming
E00009,2025-01-20,U0120,32.17,Credit Card,Programming
E00010,2025-02-04,U0026,122.86,Bank Transfer,Business
E00011,2025-02-06,U0055,110.27,PayPal,Design
E00012,2025-03-19,U0015,44.6,PayPal,Languages
E00013,2025-01-27,U0070,188.86,Paypal,Data Science
E00014,2025-02-13,U0029,121.78,Bank Transfer,Programming
E00015,2025-01-27,U0083,140.48,PayPal,Data Science
E00016,2025-03-29,U0020,176.69,Credit Card,Languages
E00017,2025-03-23,U0117,126.75,Credit Card,Business
E00018,2025-02-03,U0035,62.65,PayPal,Programming
E00019,2025-03-06,U0106,25.57,Credit Card,Data Science
E00020,2025-03-04,U0019,94.02,Bank Transfer,Programming
E00021,2025-02-02,U0010,47.6,PayPal,Data Science
E00022,2025-01-07,U0008,86.22,Paypal,Design
E00023,2025-01-12,U0022,177.24,Bank Transfer,Design
E00024,2025-03-23,U0102,68.25,Credit Card,Business
E00025,2025-02-24,U0040,28.81,PayPal,Languages
E00026,2025-02-05,U0077,74.48,Bank Transfer,Programming
E00027,2025-01-06,U0096,181.83,Credit Card,Languages
E00028,2025-01-01,U0106,58.07,PayPal,Data Science
E00029,2025-02-12,U0073,131.3,Voucher,Business
E00030,2025-01-17,U0118,5.1,Paypal,Design
E00031,2025-03-23,U0037,73.75,Credit Card,Design
E00032,2025-02-03,U0057,64.43,Credit Card,Business
E00033,2025-01-21,U0016,37.11,Voucher,Programming
E00034,2025-02-26,U0060,109.15,Voucher,Languages
E00035,2025-03-12,U0089,99.54,Bank Transfer,Data Science
E00036,2025-04-01,U0039,140.03,Paypal,Languages
E00037,2025-02-24,U0090,57.54,Paypal,Design
E00038,2025-03-13,U0052,52.6,Credit Card,Business
E00039,2025-01-02,U0035,37.82,Voucher,Design
E00040,2025-01-15,U0065,47.66,Paypal,Design
E00041,2025-01-10,U0070,113.83,PayPal,Data Science
E00042,2025-03-30,U0064,83.75,Paypal,Programming
E00043,2025-01-20,U0057,17.65,Credit Card,Programming
E00044,2025-03-11,U0011,54.51,Paypal,Data Science
E00045,2025-01-05,U0077,53.14,Bank Transfer,Business
E00046,2025-02-17,U0006,140.78,Voucher,Languages
E00047,2025-03-16,U0114,143.89,Credit Card,Business
E00048,2025-03-12,U0056,33.88,Credit Card,Languages
E00049,2025-01-19,U0095,199.56,Voucher,Programming
E00050,2025-02-25,U0042,57.02,Voucher,Design
E00051,2025-01-17,U0078,195.44,Voucher,Design
E00052,2025-01-06,U0033,85.15,Credit Card,Business
E00053,2025-02-09,U0004,11.44,Voucher,Data Science
E00054,2025-02-16,U0012,72.29,Voucher,Languages
E00055,2025-01-06,U0030,128.7,Credit Card,Design
E00056,2025-02-15,U0087,137.74,Credit Card,Business
E00057,2025-01-27,U0108,108.53,Bank Transfer,Data Science
E00058,2025-03-29,U0111,92.32,Paypal,Programming
E00059,2025-02-01,U0074,112.81,PayPal,Data Science
E00060,2025-03-27,U0076,120.58,Credit Card,Programming
E00061,2025-01-14,U0003,20.77,PayPal,Business
E00062,2025-02-15,U0098,77.08,Bank Transfer,Data Science
E00063,2025-03-13,U0087,52.22,Paypal,Business
E00064,2025-02-22,U0106,161.61,Paypal,Programming
E00065,2025-03-21,U0035,96.71,Paypal,Design
E00066,2025-01-20,U0074,196.77,Bank Transfer,Design
E00067,2025-01-31,U0006,82.77,Voucher,Programming
E00068,2025-01-21,U0098,164.2,Paypal,Languages
E00069,2025-01-23,U0097,160.68,Paypal,Languages
E00070,2025-02-22,U0023,34.39,Bank Transfer,Design
E00071,2025-01-04,U0061,104.1,Voucher,Design
E00072,2025-01-23,U0067,140.68,Paypal,Data Science
E00073,2025-02-12,U0084,172.38,Paypal,Data Science
E00074,2025-02-22,U0057,68.56,Voucher,Design
E00075,2025-03-27,U0118,47.95,Credit Card,Languages
E00076,2025-02-01,U0036,143.67,Credit Card,Data Science
E00077,2025-02-04,U0024,162.85,Paypal,Programming
E00078,2025-01-21,U0075,72.99,PayPal,Data Science
E00079,2025-03-31,U0056,23.75,Voucher,Data Science
E00080,2025-01-14,U0082,188.4,Voucher,Data Science
E00081,2025-02-18,U0105,82.53,PayPal,Business
E00082,2025-01-05,U0063,105.96,Voucher,Programming
E00083,2025-03-02,U0012,168.35,Bank Transfer,Design
E00084,2025-01-29,U0061,136.76,Voucher,Languages
E00085,2025-01-26,U0045,148.37,Voucher,Languages
E00086,2025-02-28,U0053,45.77,Voucher,Design
E00087,2025-02-14,U0043,110.58,Credit Card,Business
E00088,2025-02-09,U0042,140.68,Bank Transfer,Languages
E00089,2025-01-30,U0086,49.57,Voucher,Data Science
E00090,2025-01-29,U0014,39.12,Bank Transfer,Languages
E00091,2025-01-04,U0110,196.52,Bank Transfer,Programming
E00092,2025-03-26,U0021,105.74,Bank Transfer,Programming
E00093,2025-01-25,U0043,55.86,PayPal,Design
E00094,2025-02-21,U0053,199.27,Voucher,Business
E00095,2025-02-12,U0089,193.26,Credit Card,Business
E00096,2025-02-05,U0064,113.87,Credit Card,Languages
E00097,2025-01-09,U0037,177.11,Credit Card,Business
E00098,2025-02-05,U0085,41.8,Credit Card,Business
E00099,2025-02-14,U0052,59.38,Voucher,Languages
E00100,2025-03-24,U0105,141.57,Credit Card,Programming
E00101,2025-03-07,U0098,170.1,Bank Transfer,Data Science
E00102,2025-02-21,U0071,171.98,PayPal,Design
E00103,2025-03-28,U0005,83.88,Paypal,Programming
E00104,2025-03-10,U0059,178.12,Credit Card,Business
E00105,2025-02-12,U0012,170.93,Paypal,Business
E00106,2025-01-04,U0041,187.45,Paypal,Languages
E00107,2025-01-15,U0033,158.14,Paypal,Design
E00108,2025-02-03,U0042,135.45,Bank Transfer,Data Science
E00109,2025-01-23,U0015,118.23,Credit Card,Languages
E00110,2025-03-16,U0099,77.6,Voucher,Languages
E00111,2025-02-03,U0052,188.33,Bank Transfer,Data Science
E00112,2025-01-05,U0111,194.86,Voucher,Data Science
E00113,2025-01-14,U0066,60.36,Credit Card,Business
E00114,2025-03-18,U0106,64.55,Bank Transfer,Languages
E00115,2025-02-25,U0001,99.69,Paypal,Programming
E00116,2025-02-14,U0085,92.44,Bank Transfer,Programming
E00117,2025-02-10,U0112,198.92,Bank Transfer,Languages
E00118,2025-02-25,U0070,39.31,Credit Card,Data Science
E00119,2025-03-19,U0060,8.52,Paypal,Design
E00120,2025-03-07,U0053,101.31,Paypal,Data Science
E00121,2025-01-15,U0007,39.87,PayPal,Data Science
E00122,2025-02-19,U0025,76.46,PayPal,Design
E00123,2025-03-15,U0067,150.11,Voucher,Data Science
E00124,2025-01-25,U0047,145.58,PayPal,Design
E00125,2025-02-02,U0080,65.07,Credit Card,Languages
E00126,2025-01-06,U0097,110.8,Bank Transfer,Design
E00127,2025-04-01,U0064,104.22,Paypal,Programming
E00128,2025-02-25,U0081,129.08,Bank Transfer,Design
E00129,2025-01-01,U0057,53.84,Credit Card,Data Science
E00130,2025-03-08,U0098,120.02,Bank Transfer,Languages
E00131,2025-03-10,U0007,195.88,Paypal,Design
E00132,2025-03-29,U0027,99.91,PayPal,Data Science
E00133,2025-03-27,U0035,181.69,Voucher,Design
E00134,2025-01-26,U0071,89.71,Paypal,Languages
E00135,2025-02-16,U0017,73.27,Paypal,Languages
E00136,2025-02-25,U0119,130.8,Paypal,Programming
E00137,2025-01-09,U0037,135.44,Paypal,Languages
E00138,2025-03-27,U0057,173.51,Credit Card,Data Science
E00139,2025-02-12,U0113,49.89,Paypal,Languages
E00140,2025-03-21,U0090,102.34,Bank Transfer,Languages
E00141,2025-02-10,U0063,116.54,Credit Card,Data Science
E00142,2025-03-26,U0016,154.87,PayPal,Data Science
E00143,2025-01-16,U0004,13.5,Bank Transfer,Languages
E00144,2025-02-08,U0081,198.94,Bank Transfer,Languages
E00145,2025-03-06,U0078,96.64,Bank Transfer,Design
E00146,2025-02-09,U0103,59.51,Bank Transfer,Languages
E00147,2025-03-27,U0031,177.28,Credit Card,Programming
E00148,2025-02-22,U0091,150.81,PayPal,Programming
E00149,2025-02-11,U0021,190.85,PayPal,Programming
E00150,2025-02-21,U0040,69.5,Paypal,Programming
E00151,2025-03-31,U0071,112.79,Voucher,Languages
E00152,2025-02-07,U0002,116.6,Credit Card,Design
E00153,2025-03-12,U0071,196.16,PayPal,Data Science
E00154,2025-01-17,U0053,19.69,Credit Card,Languages
E00155,2025-01-25,U0012,64.61,Credit Card,Business
E00156,2025-02-23,U0029,42.23,Paypal,Languages
E00157,2025-03-27,U0108,57.35,PayPal,Programming
E00158,2025-02-18,U0117,99.63,Voucher,Business
E00159,2025-03-28,U0015,77.67,Voucher,Languages
E00160,2025-01-23,U0060,81.96,Voucher,Design
E00161,2025-03-20,U0016,169.62,Bank Transfer,Design
E00162,2025-03-14,U0083,186.35,PayPal,Business
E00163,2025-02-08,U0107,18.73,Bank Transfer,Data Science
E00164,2025-02-21,U0020,45.74,Bank Transfer,Business
E00165,2025-03-12,U0064,135.87,Bank Transfer,Design
E00166,2025-01-01,U0120,74.94,Paypal,Business
E00167,2025-02-08,U0092,54.56,Paypal,Programming
E00168,2025-02-06,U0038,62.58,Credit Card,Programming
E00169,2025-01-27,U0066,67.9,Credit Card,Data Science
E00170,2025-02-25,U0091,170.49,PayPal,Business
E00171,2025-03-16,U0035,31.64,PayPal,Business
E00172,2025-03-19,U0054,143.24,Paypal,Business
E00173,2025-03-25,U0107,112.8,Credit Card,Business
E00174,2025-02-11,U0062,62.82,Credit Card,Data Science
E00175,2025-03-01,U0061,86.86,Bank Transfer,Design
E00176,2025-02-26,U0032,54.96,Voucher,Languages
E00177,2025-02-26,U0059,124.25,Voucher,Data Science
E00178,2025-03-28,U0071,20.91,Voucher,Design
E00179,2025-01-28,U0019,6.01,Paypal,Design
E00180,2025-03-07,U0050,127.44,Voucher,Design
E00181,2025-03-02,U0025,42.88,Voucher,Business
E00182,2025-01-22,U0118,18.83,Bank Transfer,Data Science
E00183,2025-03-26,U0077,82.37,PayPal,Design
E00184,2025-01-11,U0066,14.9,Paypal,Languages
E00185,2025-02-06,U0096,177.89,Credit Card,Languages
E00186,2025-03-07,U0113,10.39,Bank Transfer,Programming
E00187,2025-03-26,U0018,117.88,Voucher,Design
E00188,2025-03-23,U0111,90.5,Credit Card,Data Science
E00189,2025-03-21,U0009,136.05,Bank Transfer,Business
E00190,2025-02-12,U0036,68.99,Paypal,Programming
E00191,2025-01-12,U0099,35.23,Voucher,Design
E00192,2025-01-31,U0102,196.46,Paypal,Business
E00193,2025-03-28,U0110,168.59,Bank Transfer,Data Science
E00194,2025-02-09,U0054,172.78,Credit Card,Data Science
E00195,2025-01-29,U0044,53.8,PayPal,Programming
E00196,2025-01-26,U0120,12.57,Voucher,Programming
E00197,2025-01-19,U0101,64.14,Paypal,Design
E00198,2025-01-04,U0065,109.73,Credit Card,Business
E00199,2025-01-06,U0035,68.7,Credit Card,Languages
E00200,2025-02-01,U0106,166.43,PayPal,Business
E00201,2025-03-02,U0001,57.95,Bank Transfer,Data Science
E00202,2025-03-20,U0037,193.22,PayPal,Data Science
E00203,2025-01-10,U0093,94.17,PayPal,Design
E00204,2025-02-28,U0039,169.19,Bank Transfer,Languages
E00205,2025-02-23,U0108,42.9,Bank Transfer,Design
E00206,2025-03-22,U0076,85.21,Bank Transfer,Data Science
E00207,2025-03-15,U0075,141.4,Credit Card,Data Science
E00208,2025-01-25,U0085,31.98,Credit Card,Business
E00209,2025-03-31,U0063,30.89,Voucher,Languages
E00210,2025-02-19,U0111,194.06,Voucher,Business
E00211,2025-03-05,U0020,144.35,PayPal,Business
E00212,2025-02-21,U0058,13.01,PayPal,Design
E00213,2025-02-01,U0069,82.77,Voucher,Business
E00214,2025-01-19,U0062,89.54,Paypal,Programming
E00215,2025-03-25,U0045,150.09,PayPal,Programming
E00216,2025-03-30,U0043,53.92,Paypal,Business
E00217,2025-01-01,U0071,40.95,Paypal,Languages
E00218,2025-01-14,U0098,20.77,Bank Transfer,Business
E00219,2025-02-24,U0070,88.52,Credit Card,Data Science
E00220,2025-01-29,U0049,139.26,Voucher,Data Science
E00221,2025-01-23,U0059,16.35,Credit Card,Languages
E00222,2025-03-31,U0120,183.47,Voucher,Design
E00223,2025-03-08,U0042,91.26,Credit Card,Programming
E00224,2025-03-01,U0112,51.76,Voucher,Programming
E00225,2025-01-07,U0025,23.31,Credit Card,Design
E00226,2025-03-13,U0090,40.66,Bank Transfer,Business
E00227,2025-02-01,U0031,187.25,Paypal,Languages
E00228,2025-01-16,U0074,129.46,Voucher,Business
E00229,2025-02-28,U0050,105.76,Paypal,Design
E00230,2025-01-18,U0030,133.14,Voucher,Languages
E00231,2025-03-01,U0110,89.96,Voucher,Programming
E00232,2025-03-27,U0100,147.36,Bank Transfer,Programming
E00233,2025-03-09,U0053,14.3,Credit Card,Business
E00234,2025-03-13,U0006,115.38,Voucher,Data Science
E00235,2025-03-18,U0041,35.94,Credit Card,Design
E00236,2025-02-10,U0096,28.43,Bank Transfer,Design
E00237,2025-02-26,U0061,71.67,PayPal,Business
E00238,2025-03-20,U0091,22.9,Paypal,Design
E00239,2025-03-06,U0117,23.36,Voucher,Programming
E00240,2025-02-24,U0104,65.73,Bank Transfer,Business
E00241,2025-03-12,U0049,196.0,Credit Card,Programming
E00242,2025-02-27,U0050,39.19,Voucher,Languages
E00243,2025-01-21,U0085,8.35,Credit Card,Languages
E00244,2025-03-02,U0102,153.86,PayPal,Data Science
E00245,2025-02-27,U0106,162.35,Voucher,Design
E00246,2025-02-03,U0084,72.53,Paypal,Languages
E00247,2025-02-01,U0020,95.61,Voucher,Design
E00248,2025-03-23,U0064,131.71,Paypal,Programming
E00249,2025-02-05,U0005,14.37,Credit Card,Business
E00250,2025-03-08,U0017,190.08,Voucher,Languages
E00251,2025-03-04,U0065,177.9,Bank Transfer,Business
E00252,2025-03-22,U0076,55.87,Bank Transfer,Languages
E00253,2025-01-31,U0043,7.98,PayPal,Design
E00254,2025-02-05,U0112,187.02,Bank Transfer,Languages
E00255,2025-02-26,U0013,102.7,PayPal,Languages
E00256,2025-01-10,U0112,110.18,Credit Card,Programming
E00257,2025-02-06,U0109,138.37,Paypal,Data Science
E00258,2025-01-31,U0057,125.09,Credit Card,Programming
E00259,2025-02-04,U0013,189.06,Paypal,Business
E00260,2025-02-12,U0068,189.13,Paypal,Design
E00261,2025-02-10,U0117,174.1,PayPal,Design
E00262,2025-03-11,U0059,129.1,Bank Transfer,Languages
E00263,2025-01-11,U0002,161.19,Bank Transfer,Design
E00264,2025-01-18,U0093,137.05,PayPal,Data Science
E00265,2025-01-20,U0019,116.81,PayPal,Data Science
E00266,2025-01-30,U0053,30.06,Credit Card,Languages
E00267,2025-02-19,U0112,163.18,PayPal,Languages
E00268,2025-03-30,U0084,165.02,Bank Transfer,Business
E00269,2025-01-20,U0020,127.06,PayPal,Languages
E00270,2025-04-01,U0010,164.98,PayPal,Programming
E00271,2025-01-28,U0061,132.04,Paypal,Programming
E00272,2025-01-09,U0101,45.3,PayPal,Programming
E00273,2025-02-23,U0034,58.42,Credit Card,Data Science
E00274,2025-02-22,U0044,46.84,PayPal,Design
E00275,2025-02-12,U0080,78.57,Voucher,Business
E00276,2025-03-11,U0089,12.6,Voucher,Languages
E00277,2025-03-01,U0051,125.56,Paypal,Business
E00278,2025-02-23,U0084,70.63,Paypal,Data Science
E00279,2025-01-08,U0011,132.87,Voucher,Languages
E00280,2025-01-27,U0110,80.15,Paypal,Languages
E00281,2025-02-23,U0043,137.91,Paypal,Data Science
E00282,2025-02-19,U0110,71.42,Bank Transfer,Design
E00283,2025-03-16,U0087,55.84,Bank Transfer,Languages
E00284,2025-03-31,U0110,101.73,PayPal,Design
E00285,2025-01-03,U0069,140.11,Voucher,Data Science
E00286,2025-03-15,U0049,72.93,Credit Card,Business
E00287,2025-02-18,U0041,187.65,Voucher,Languages
E00288,2025-03-03,U0081,12.64,Voucher,Design
E00289,2025-01-01,U0092,86.5,Bank Transfer,Languages
E00290,2025-02-15,U0114,193.68,Bank Transfer,Design
E00291,2025-02-08,U0098,111.85,Paypal,Languages
E00292,2025-02-19,U0063,87.58,Credit Card,Languages
E00293,2025-02-23,U0112,115.86,Bank Transfer,Languages
E00294,2025-03-10,U0070,117.31,Paypal,Business
E00295,2025-03-11,U0005,147.67,Credit Card,Languages
E00296,2025-03-19,U0080,29.9,Bank Transfer,Design
E00297,2025-01-29,U0009,53.75,Voucher,Business
E00298,2025-03-04,U0031,118.21,Voucher,Programming
E00299,2025-01-29,U0081,174.09,Credit Card,Design
E00300,2025-02-04,U0088,114.56,Credit Card,Design
E00301,2025-02-25,U0118,51.53,Bank Transfer,Programming
E00302,2025-03-04,U0037,137.57,Bank Transfer,Business
E00303,2025-01-04,U0030,149.28,Credit Card,Languages
E00304,2025-02-19,U0096,51.46,Credit Card,Design
E00305,2025-02-13,U0012,78.66,Paypal,Programming
E00306,2025-03-27,U0056,109.19,Paypal,Languages
E00307,2025-03-28,U0013,101.83,Paypal,Business
E00308,2025-02-21,U0098,80.98,Voucher,Design
E00309,2025-01-22,U0082,63.04,Voucher,Languages
E00310,2025-03-01,U0091,24.5,Paypal,Languages
E00311,2025-01-17,U0112,15.43,Paypal,Data Science
E00312,2025-03-21,U0013,191.92,Credit Card,Programming
E00313,2025-03-10,U0057,170.19,Voucher,Languages
E00314,2025-01-04,U0022,74.21,Paypal,Business
E00315,2025-02-20,U0089,191.58,PayPal,Data Science
E00316,2025-03-17,U0039,136.97,Bank Transfer,Languages
E00317,2025-03-14,U0116,99.09,Paypal,Languages
E00318,2025-03-26,U0004,101.14,Voucher,Business
E00319,2025-01-04,U0006,21.24,Paypal,Data Science
E00320,2025-01-11,U0042,22.88,PayPal,Data Science
E00321,2025-03-24,U0102,122.48,Credit Card,Programming
E00322,2025-02-24,U0008,112.97,Voucher,Languages
E00323,2025-01-18,U0038,46.48,Credit Card,Programming
E00324,2025-03-01,U0046,189.51,Bank Transfer,Data Science
E00325,2025-01-24,U0048,157.35,Credit Card,Programming
E00326,2025-01-07,U0056,27.13,Paypal,Business
E00327,2025-02-03,U0019,186.53,PayPal,Design
E00328,2025-02-18,U0032,194.98,Credit Card,Business
E00329,2025-02-11,U0068,199.21,PayPal,Data Science
E00330,2025-01-28,U0053,15.89,Voucher,Business
E00331,2025-02-28,U0073,148.72,Voucher,Data Science
E00332,2025-02-11,U0088,111.45,Paypal,Business
E00333,2025-02-13,U0102,142.64,Paypal,Languages
E00334,2025-02-18,U0024,193.89,Paypal,Languages
E00335,2025-02-05,U0022,139.17,PayPal,Business
E00336,2025-02-23,U0023,168.21,Bank Transfer,Programming
E00337,2025-02-02,U0011,174.04,Bank Transfer,Data Science
E00338,2025-01-11,U0079,168.5,Bank Transfer,Languages
E00339,2025-03-02,U0112,88.09,Voucher,Data Science
E00340,2025-01-03,U0049,48.4,Voucher,Languages
E00341,2025-03-11,U0080,82.35,Bank Transfer,Design
E00342,2025-01-07,U0088,178.92,Paypal,Business
E00343,2025-02-14,U0031,33.59,Credit Card,Languages
E00344,2025-01-29,U0064,105.1,Bank Transfer,Business
E00345,2025-03-25,U0117,50.48,Credit Card,Design
E00346,2025-01-09,U0075,118.35,Bank Transfer,Data Science
E00347,2025-03-25,U0019,173.31,Credit Card,Business
E00348,2025-01-06,U0030,176.67,Paypal,Languages
E00349,2025-01-04,U0060,51.15,Voucher,Design
E00350,2025-02-01,U0082,182.0,Bank Transfer,Languages
E00351,2025-01-26,U0033,120.42,Bank Transfer,Design
E00352,2025-01-03,U0059,73.29,Paypal,Design
E00353,2025-03-21,U0033,143.1,PayPal,Languages
E00354,2025-01-20,U0086,98.93,Bank Transfer,Business
E00355,2025-01-31,U0002,78.71,Credit Card,Data Science
E00356,2025-01-17,U0116,142.49,Paypal,Data Science
E00357,2025-03-02,U0103,53.5,PayPal,Design
E00358,2025-03-27,U0060,69.4,Bank Transfer,Languages
E00359,2025-01-15,U0116,89.72,Bank Transfer,Design
E00360,2025-03-14,U0037,54.47,Voucher,Data Science
E00361,2025-01-28,U0087,84.01,PayPal,Design
E00362,2025-03-01,U0070,116.44,Paypal,Design
E00363,2025-03-31,U0021,149.49,Credit Card,Data Science
E00364,2025-02-02,U0010,154.6,Bank Transfer,Business
E00365,2025-02-17,U0057,165.44,Paypal,Design
E00366,2025-01-22,U0045,150.12,Voucher,Business
E00367,2025-03-19,U0076,137.8,Bank Transfer,Design
E00368,2025-03-19,U0039,51.31,PayPal,Languages
E00369,2025-01-15,U0082,83.04,Paypal,Design
E00370,2025-01-21,U0055,98.15,Credit Card,Design
E00371,2025-02-09,U0089,21.16,Voucher,Programming
E00372,2025-01-14,U0033,108.03,Paypal,Languages
E00373,2025-03-16,U0059,90.09,Bank Transfer,Languages
E00374,2025-01-04,U0109,161.41,Credit Card,Business
E00375,2025-02-09,U0039,195.69,Bank Transfer,Business
E00376,2025-03-15,U0026,113.42,Bank Transfer,Design
E00377,2025-03-28,U0050,67.92,PayPal,Data Science
E00378,2025-02-18,U0110,13.46,PayPal,Design
E00379,2025-02-20,U0062,185.31,Bank Transfer,Programming
E00380,2025-01-26,U0014,184.23,Voucher,Design
E00381,2025-01-10,U0031,54.33,PayPal,Programming
E00382,2025-03-17,U0049,140.61,PayPal,Design
E00383,2025-03-30,U0074,19.71,PayPal,Business
E00384,2025-03-22,U0046,37.41,PayPal,Design
E00385,2025-02-01,U0074,47.28,Credit Card,Business
E00386,2025-01-14,U0038,62.43,Bank Transfer,Data Science
E00387,2025-03-31,U0090,199.19,Credit Card,Data Science
E00388,2025-02-08,U0038,140.9,Paypal,Languages
E00389,2025-03-29,U0003,79.92,Paypal,Design
E00390,2025-03-18,U0107,148.73,Paypal,Languages
E00391,2025-01-16,U0085,183.47,Credit Card,Design
E00392,2025-03-14,U0051,191.95,Bank Transfer,Data Science
E00393,2025-01-06,U0036,16.28,Paypal,Programming
E00394,2025-02-14,U0002,81.93,PayPal,Languages
E00395,2025-03-10,U0073,25.82,Paypal,Languages
E00396,2025-02-24,U0111,70.45,Voucher,Data Science
E00397,2025-03-26,U0088,38.09,PayPal,Data Science
E00398,2025-02-17,U0100,131.14,PayPal,Programming
E00399,2025-01-09,U0096,80.71,PayPal,Languages
E00400,2025-03-06,U0007,49.73,Paypal,Data Science
E00401,2025-03-24,U0117,56.86,PayPal,Data Science
E00402,2025-02-13,U0078,75.27,Voucher,Programming
E00403,2025-01-02,U0096,55.69,Credit Card,Programming
E00404,2025-02-23,U0064,93.38,Voucher,Business
E00405,2025-03-04,U0107,11.3,Bank Transfer,Design
E00406,2025-01-14,U0116,59.55,PayPal,Business
E00407,2025-02-25,U0116,85.19,Voucher,Programming
E00408,2025-02-16,U0037,122.54,Paypal,Data Science
E00409,2025-03-23,U0100,57.84,Bank Transfer,Programming
E00410,2025-02-28,U0103,30.97,Voucher,Languages
E00411,2025-04-01,U0030,19.86,PayPal,Data Science
E00412,2025-01-20,U0078,188.4,Paypal,Business
E00413,2025-02-25,U0103,86.24,PayPal,Business
E00414,2025-01-23,U0046,118.33,Bank Transfer,Business
E00415,2025-03-08,U0029,184.24,Voucher,Data Science
E00416,2025-03-25,U0082,21.14,PayPal,Design
E00417,2025-02-04,U0025,175.95,Bank Transfer,Design
E00418,2025-03-20,U0080,112.56,Paypal,Design
E00419,2025-03-10,U0033,37.14,Voucher,Programming
E00420,2025-03-03,U0087,85.19,Voucher,Programming
E00421,2025-03-01,U0097,156.63,Bank Transfer,Languages
E00422,2025-02-25,U0093,98.67,Voucher,Data Science
E00423,2025-03-17,U0099,197.13,Paypal,Languages
E00424,2025-02-04,U0085,78.46,Paypal,Programming
E00425,2025-02-11,U0088,151.17,Voucher,Data Science
E00426,2025-02-01,U0108,81.63,PayPal,Business
E00427,2025-01-12,U0018,166.69,PayPal,Data Science
E00428,2025-02-05,U0081,115.97,Paypal,Programming
E00429,2025-02-27,U0013,17.38,PayPal,Business
E00430,2025-02-01,U0116,12.18,Bank Transfer,Business
E00431,2025-03-01,U0081,31.1,Credit Card,Data Science
E00432,2025-03-14,U0083,7.67,Voucher,Design
E00433,2025-03-20,U0006,19.7,Bank Transfer,Programming
E00434,2025-03-27,U0040,139.88,Paypal,Programming
E00435,2025-02-18,U0101,109.2,Credit Card,Design
E00436,2025-02-13,U0057,151.23,Paypal,Languages
E00437,2025-01-04,U0005,183.07,Credit Card,Languages
E00438,2025-03-05,U0075,119.1,Bank Transfer,Programming
E00439,2025-02-11,U0047,146.59,Credit Card,Design
E00440,2025-01-24,U0094,152.63,PayPal,Design
E00441,2025-03-04,U0017,78.68,Bank Transfer,Business
E00442,2025-01-28,U0012,52.01,Voucher,Languages
E00443,2025-02-15,U0117,44.98,Paypal,Languages
E00444,2025-02-03,U0038,54.03,PayPal,Business
E00445,2025-02-13,U0042,58.57,Voucher,Data Science
E00446,2025-02-05,U0096,45.41,Credit Card,Languages
E00447,2025-03-18,U0054,176.25,PayPal,Business
E00448,2025-03-31,U0023,152.61,Voucher,Design
E00449,2025-02-05,U0026,14.14,Bank Transfer,Data Science
E00450,2025-03-13,U0017,57.39,Credit Card,Programming
E00451,2025-01-02,U0101,9.33,Voucher,Design
E00452,2025-03-08,U0070,102.14,Credit Card,Data Science
E00453,2025-01-25,U0113,97.86,Voucher,Business
E00454,2025-01-11,U0047,167.12,Paypal,Design
E00455,2025-01-31,U0068,65.02,Bank Transfer,Data Science
E00456,2025-02-22,U0065,164.2,PayPal,Programming
E00457,2025-03-04,U0117,193.75,Voucher,Design
E00458,2025-03-13,U0035,22.24,Credit Card,Design
E00459,2025-01-31,U0107,159.4,Bank Transfer,Languages
E00460,2025-03-30,U0022,120.04,PayPal,Data Science
E00461,2025-03-02,U0033,98.61,Credit Card,Data Science
E00462,2025-03-24,U0117,87.0,Bank Transfer,Languages
E00463,2025-03-04,U0106,158.01,Credit Card,Business
E00464,2025-02-27,U0062,129.68,Bank Transfer,Business
E00465,2025-01-03,U0104,161.98,PayPal,Languages
E00466,2025-01-12,U0038,181.11,PayPal,Design
E00467,2025-02-07,U0096,125.37,Credit Card,Programming
E00468,2025-01-29,U0112,196.19,Bank Transfer,Business
E00469,2025-02-21,U0044,123.58,Voucher,Programming
E00470,2025-03-30,U0103,129.15,PayPal,Data Science
E00471,2025-02-01,U0015,113.19,Voucher,Data Science
E00472,2025-02-09,U0060,22.75,Voucher,Business
E00473,2025-03-26,U0010,146.65,Paypal,Design
E00474,2025-03-16,U0019,111.75,Credit Card,Data Science
E00475,2025-02-17,U0097,92.93,Credit Card,Programming
E00476,2025-03-02,U0029,182.54,Credit Card,Design
E00477,2025-03-12,U0111,63.1,Bank Transfer,Business
E00478,2025-03-09,U0087,107.1,PayPal,Data Science
E00479,2025-02-14,U0093,141.04,PayPal,Business
E00480,2025-02-24,U0087,160.31,Paypal,Design
E00481,2025-03-12,U0051,94.57,Paypal,Design
E00482,2025-02-12,U0109,169.21,Paypal,Design
E00483,2025-02-15,U0103,154.94,Voucher,Languages
E00484,2025-03-31,U0072,17.92,Credit Card,Languages
E00485,2025-02-28,U0047,13.94,Bank Transfer,Programming
E00486,2025-02-04,U0012,126.06,PayPal,Design
E00487,2025-02-09,U0102,72.75,Bank Transfer,Design
E00488,2025-02-02,U0051,45.78,Credit Card,Data Science
E00489,2025-01-30,U0002,118.03,Credit Card,Programming
E00490,2025-01-16,U0034,71.6,PayPal,Programming
E00491,2025-01-25,U0069,109.77,Voucher,Business
E00492,2025-02-10,U0016,94.72,Paypal,Design
E00493,2025-01-16,U0059,119.03,Voucher,Data Science
E00494,2025-03-10,U0048,83.06,Credit Card,Business
E00495,2025-03-30,U0087,141.05,Credit Card,Languages
E00496,2025-01-24,U0096,40.11,Voucher,Design
E00497,2025-01-25,U0087,140.82,Paypal,Programming
E00498,2025-01-28,U0034,85.27,Paypal,Design
E00499,2025-03-03,U0075,175.49,Credit Card,Design
E00500,2025-02-05,U0049,105.47,Paypal,Languages
E00501,2025-03-17,U0106,194.76,Paypal,Data Science
E00502,2025-03-09,U0082,122.38,PayPal,Data Science
E00503,2025-03-18,U0048,48.65,PayPal,Data Science
E00504,2025-02-06,U0014,165.25,Bank Transfer,Business
E00505,2025-01-13,U0087,72.29,Voucher,Data Science
E00506,2025-01-25,U0030,72.79,Credit Card,Business
E00507,2025-02-07,U0061,11.2,Paypal,Languages
E00508,2025-01-30,U0004,112.0,Bank Transfer,Design
E00509,2025-02-16,U0080,109.21,PayPal,Business
E00510,2025-01-23,U0114,74.42,Paypal,Languages
E00511,2025-02-08,U0072,179.37,Voucher,Business
E00512,2025-01-02,U0042,30.11,PayPal,Languages
E00513,2025-04-01,U0118,69.37,Credit Card,Data Science
E00514,2025-03-10,U0079,67.71,Paypal,Data Science
E00515,2025-01-17,U0029,23.0,Bank Transfer,Languages
E00516,2025-02-05,U0083,98.82,Credit Card,Programming
E00517,2025-01-06,U0009,139.12,Paypal,Languages
E00518,2025-01-07,U0082,104.77,Paypal,Business
E00519,2025-03-12,U0106,35.61,Paypal,Languages
E00520,2025-02-07,U0060,78.57,Paypal,Design
E00521,2025-03-31,U0117,5.51,Paypal,Programming
E00522,2025-01-17,U0090,174.32,Credit Card,Languages
E00523,2025-03-23,U0039,21.48,Voucher,Programming
E00524,2025-03-04,U0084,121.47,Voucher,Programming
E00525,2025-01-14,U0053,197.32,Credit Card,Languages
E00526,2025-01-02,U0015,109.64,Voucher,Languages
E00527,2025-03-15,U0018,185.19,Bank Transfer,Data Science
E00528,2025-02-06,U0006,51.04,Bank Transfer,Languages
E00529,2025-03-02,U0005,153.19,Credit Card,Languages
E00530,2025-03-03,U0039,108.6,Bank Transfer,Data Science
E00531,2025-02-26,U0064,145.5,Credit Card,Data Science
E00532,2025-02-13,U0015,17.16,Bank Transfer,Design
E00533,2025-01-24,U0013,33.81,PayPal,Languages
E00534,2025-01-07,U0031,30.96,Credit Card,Business
E00535,2025-02-02,U0114,139.0,Paypal,Programming
E00536,2025-03-03,U0069,169.67,Bank Transfer,Data Science
E00537,2025-01-15,U0018,151.18,PayPal,Languages
E00538,2025-01-09,U0050,10.94,Credit Card,Business
E00539,2025-02-21,U0059,174.11,Bank Transfer,Programming
E00540,2025-03-04,U0048,74.06,Paypal,Languages
E00541,2025-01-10,U0086,82.45,Bank Transfer,Business
E00542,2025-03-15,U0096,25.45,PayPal,Programming
E00543,2025-03-22,U0090,148.79,Voucher,Business
E00544,2025-03-29,U0070,40.55,Voucher,Data Science
E00545,2025-01-07,U0054,114.97,PayPal,Languages
E00546,2025-01-20,U0076,168.94,PayPal,Business
E00547,2025-01-20,U0096,22.39,Credit Card,Business
E00548,2025-03-14,U0094,109.39,Voucher,Languages
E00549,2025-02-08,U0020,50.48,Credit Card,Programming
E00550,2025-01-11,U0114,71.87,Bank Transfer,Languages
E00551,2025-02-01,U0054,97.42,PayPal,Business
E00552,2025-01-16,U0084,74.25,Credit Card,Design
E00553,2025-03-13,U0013,131.52,PayPal,Programming
E00554,2025-02-23,U0107,98.52,Credit Card,Business
E00555,2025-03-19,U0063,118.92,Bank Transfer,Design
E00556,2025-03-18,U0079,148.68,Bank Transfer,Programming
E00557,2025-03-21,U0053,113.76,Paypal,Data Science
E00558,2025-01-29,U0036,119.37,Voucher,Languages
E00559,2025-03-08,U0005,115.07,Paypal,Programming
E00560,2025-02-18,U0089,78.86,Voucher,Programming
E00561,2025-02-27,U0048,70.8,Bank Transfer,Business
E00562,2025-02-26,U0028,180.43,Credit Card,Design
E00563,2025-02-08,U0057,123.47,PayPal,Programming
E00564,2025-03-17,U0057,52.65,Bank Transfer,Languages
E00565,2025-02-24,U0031,102.16,Bank Transfer,Programming
E00566,2025-02-09,U0110,69.42,Credit Card,Programming
E00567,2025-03-14,U0047,187.07,Bank Transfer,Business
E00568,2025-03-21,U0013,6.47,Bank Transfer,Programming
E00569,2025-01-08,U0088,48.94,Credit Card,Design
E00570,2025-03-20,U0048,76.24,Bank Transfer,Business
E00571,2025-01-13,U0070,100.12,Voucher,Data Science
E00572,2025-01-27,U0116,170.91,Voucher,Data Science
E00573,2025-03-22,U0083,22.14,Voucher,Business
E00574,2025-01-28,U0046,162.14,Voucher,Design
E00575,2025-02-03,U0008,15.85,Bank Transfer,Business
E00576,2025-03-26,U0051,169.25,PayPal,Business
E00577,2025-01-11,U0036,15.07,Voucher,Business
E00578,2025-01-21,U0025,8.56,Voucher,Business
E00579,2025-01-31,U0016,140.91,Bank Transfer,Programming
E00580,2025-01-23,U0109,199.46,Paypal,Languages
E00581,2025-03-12,U0106,179.84,Bank Transfer,Data Science
E00582,2025-01-10,U0059,117.32,Credit Card,Design
E00583,2025-01-21,U0012,183.89,Voucher,Programming
E00584,2025-01-01,U0085,6.03,Credit Card,Data Science
E00585,2025-02-22,U0028,195.14,Voucher,Languages
E00586,2025-02-27,U0083,100.7,Paypal,Business
E00587,2025-03-30,U0082,145.96,PayPal,Languages
E00588,2025-03-18,U0077,165.07,Paypal,Data Science
E00589,2025-03-02,U0003,145.1,Bank Transfer,Data Science
E00590,2025-02-07,U0007,109.33,Bank Transfer,Programming
E00591,2025-01-05,U0101,97.94,Credit Card,Programming
E00592,2025-01-30,U0043,168.52,Credit Card,Design
E00593,2025-02-06,U0032,44.99,Bank Transfer,Business
E00594,2025-04-01,U0017,193.76,Bank Transfer,Languages
E00595,2025-02-06,U0101,143.64,Bank Transfer,Business
E00596,2025-03-31,U0073,43.9,Voucher,Languages
E00597,2025-02-28,U0027,148.57,Paypal,Business
E00598,2025-01-10,U0009,108.32,Voucher,Data Science
E00599,2025-03-29,U0107,142.91,PayPal,Data Science
E00600,2025-01-30,U0098,154.72,Voucher,Business
