CustomerID,CustomerName,Age,Country
1000,Jane Smith,63,Canada
1001,Evan Davis,32,France
1002,Julia Johnson,26,Australia
1003,Evan Garcia,32,UK
1004,John Martinez,66,USA
1005,Evan Williams,41,USA
1006,Fiona Davis,21,USA
1007,Ian Garcia,29,Canada
1008,Diana Martinez,54,Germany
1009,Charlie Williams,54,France
1010,Alice Smith,60,UK
1011,Julia Garcia,23,Australia
1012,Jane Williams,56,UK
1013,Fiona Garcia,63,Australia
1014,Ian Brown,41,Canada
1015,Bob Jones,28,USA
1016,Diana Jones,30,Canada
1017,Evan Johnson,51,Germany
1018,Evan Wilson,42,Germany
1019,Evan Smith,24,Australia
1020,Evan Jones,69,France
1021,Alice Williams,21,France
1022,Bob Johnson,25,Australia
1023,Jane Smith,37,Germany
1024,Charlie Brown,46,Germany
1025,Ian Wilson,68,Germany
1026,Jane Williams,62,Canada
1027,Evan Davis,63,Germany
1028,Julia Brown,27,UK
1029,Charlie Jones,60,USA
1030,Diana Martinez,51,Germany
1031,Jane Jones,43,Australia
1032,Julia Williams,58,USA
1033,Bob Wilson,66,Canada
1034,Diana Garcia,20,Australia
1035,John Wilson,23,USA
1036,Fiona Anderson,22,Australia
1037,Evan Smith,22,Canada
1038,Jane Williams,64,UK
1039,John Martinez,40,Canada
1040,Fiona Johnson,66,Canada
1041,George Davis,26,Australia
1042,George Miller,52,France
1043,Diana Anderson,37,Germany
1044,Bob Wilson,66,Germany
1045,Hannah Johnson,59,UK
1046,Evan Jones,52,UK
1047,Ian Miller,67,Germany
1048,Jane Jones,35,France
1049,Hannah Brown,34,Germany
1050,George Miller,41,France
1051,Jane Smith,20,UK
1052,Charlie Martinez,49,USA
1053,Diana Wilson,52,Australia
1054,Julia Davis,55,UK
1055,Charlie Wilson,30,UK
1056,Diana Jones,64,Canada
1057,Ian Martinez,42,Canada
1058,Diana Anderson,26,Canada
1059,Fiona Johnson,21,Australia
1060,Julia Martinez,31,Canada
1061,Charlie Davis,54,France
1062,Hannah Smith,51,Germany
1063,Hannah Jones,28,USA
1064,Julia Wilson,58,UK
1065,Jane Miller,20,France
1066,Ian Smith,45,USA
1067,Alice Jones,46,France
1068,Bob Williams,26,France
1069,Hannah Jones,20,UK
1070,Ian Garcia,42,Germany
1071,Ian Brown,51,Canada
1072,John Anderson,29,Australia
1073,Evan Garcia,59,Germany
1074,Alice Miller,26,Australia
1075,Jane Davis,32,UK
1076,Fiona Miller,57,UK
1077,Diana Jones,42,UK
1078,Fiona Smith,22,USA
1079,Hannah Brown,28,Australia
1080,Bob Williams,51,Germany
1081,Alice Brown,41,Germany
1082,Ian Smith,32,France
1083,Ian Anderson,55,France
1084,Jane Martinez,25,France
1085,Hannah Johnson,22,UK
1086,Charlie Martinez,65,Germany
1087,George Garcia,43,Australia
1088,John Smith,35,UK
1089,George Anderson,23,USA
1090,Fiona Wilson,54,France
1091,George Davis,65,UK
1092,Alice Williams,30,UK
1093,Jane Jones,45,USA
1094,Julia Williams,22,Canada
1095,Diana Johnson,30,Germany
1096,Julia Williams,34,Australia
1097,Charlie Anderson,67,Canada
1098,Ian Smith,57,France
1099,John Wilson,62,UK
1100,George Davis,49,USA
1101,John Garcia,46,USA
1102,Alice Garcia,68,Germany
1103,Charlie Smith,20,Canada
1104,Evan Jones,57,Germany
1105,Diana Miller,51,UK
1106,Fiona Martinez,57,Germany
1107,Jane Martinez,44,Australia
1108,Julia Anderson,30,USA
1109,Hannah Martinez,62,USA
1110,Hannah Wilson,50,France
1111,Evan Smith,23,France
1112,Evan Wilson,41,UK
1113,Charlie Miller,36,Australia
1114,Hannah Davis,33,Canada
1115,Charlie Davis,57,Germany
1116,George Williams,45,UK
1117,Fiona Johnson,50,France
1118,Ian Davis,65,Germany
1119,Jane Brown,58,France
1120,Evan Williams,30,Germany
1121,Jane Anderson,60,Canada
1122,Hannah Davis,62,UK
1123,John Garcia,42,Germany
1124,Alice Johnson,59,Australia
1125,Alice Jones,53,USA
1126,Ian Garcia,44,Australia
1127,Hannah Davis,55,Australia
1128,Evan Davis,24,USA
1129,Fiona Smith,22,Australia
1130,Bob Miller,60,Germany
1131,George Johnson,62,Germany
1132,John Wilson,68,Germany
1133,Julia Johnson,48,USA
1134,Evan Williams,40,Australia
1135,Hannah Johnson,59,USA
1136,Ian Davis,27,Germany
1137,Jane Williams,49,Australia
1138,Ian Davis,60,Australia
1139,Bob Smith,47,France
1140,Charlie Martinez,56,France
1141,Fiona Martinez,48,Canada
1142,Hannah Martinez,35,UK
1143,Evan Brown,53,France
1144,Charlie Smith,19,USA
1145,John Williams,31,France
1146,Fiona Johnson,30,Canada
1147,Bob Johnson,46,Australia
1148,Charlie Martinez,29,Canada
1149,John Jones,56,Australia
